"","Date","TmaxC","TminC","RHmax","RHmin","SolRadMax","WSmin","WSmax"
"1","01-01","14.862887142857","3.61985797619104","93.334701","54.4848462261905","259.511780261904","1.178668420935","4.80191127525548"
"2","01-02","14.944340833333","4.24241619047604","94.6691797857143","56.344325202381","263.982984333334","1.110442105122","4.78902289249704"
"3","01-03","15.033094880952","4.09312869047602","94.8851543095238","54.9518213452381","259.375620642858","1.006926315813","4.9460970689489"
"4","01-04","14.587106428571","3.63468892857099","95.2917743690476","56.6967279880952","267.422531571428","1.008942857079","4.61656801434958"
"5","01-05","14.081836071429","3.14378154761903","96.1789685238095","56.8647999404762","275.94826445238","1.11324285693","4.24153634307"
"6","01-06","13.510691785714","3.29729797619001","95.3633536666667","58.6469830238095","260.269056333334","1.038742857228","4.37183771896248"
"7","01-07","13.667260357143","3.84870761904801","95.1699812619048","59.5382403690476","267.463868595238","1.096214285544","4.26397577302742"
"8","01-08","13.746629880952","3.92758702381002","94.7039515714286","60.1058685714286","252.853908071428","1.057900000149","4.62522666413672"
"9","01-09","14.126427142857","4.514630833333","93.3951647857143","60.4302338928571","263.930691357142","1.085571428763","5.15209931504652"
"10","01-10","14.277220714286","4.58257154761901","93.6541305714286","60.0632426190476","261.479204119048","0.921671428614","4.81756663924314"
"11","01-11","14.17643547619","4.54295928571401","94.2447836309524","59.4525381309524","267.787715619048","1.177099999851","4.2868811153871"
"12","01-12","14.299852619048","4.07382130952402","94.2692949166667","57.5463644642857","281.49431545238","1.2516","4.16836320428572"
"13","01-13","14.261868333333","4.52904452381","92.6438496309524","58.4856807261905","251.70553652381","1.179228571386","4.73692120575686"
"14","01-14","14.563539166667","4.46679130952401","92.6422408333333","56.8506491309524","269.844046738096","0.97914285693","4.26029691926048"
"15","01-15","14.639165833333","4.00199250000003","93.864956547619","56.4882840833333","281.967623071428","1.089828571386","4.1511690388521"
"16","01-16","14.594210357143","4.11046702380901","93.7714451904762","56.083039297619","267.786877619048","1.177099999851","4.10606045729186"
"17","01-17","15.020701309524","4.88509107142903","93.7861572023809","55.9768621785714","273.672361880952","1.106857142772","4.14063686437086"
"18","01-18","15.112502738095","4.56800214285704","96.0727665833333","57.4687688333333","280.282763428572","1.070671428465","4.2477765167731"
"19","01-19","15.116238928571","4.59642321428601","93.7728720952381","56.1879838333333","287.642047833334","1.066414285842","4.14379971106276"
"20","01-20","15.196561190476","4.57041595238104","94.4446590119048","55.9924762738095","278.41553895238","1.147300000149","4.53828615699386"
"21","01-21","15.626840238095","4.75844535714305","93.9363032261905","55.170800547619","286.795673380952","1.062157142772","4.36674853937086"
"22","01-22","15.782783571429","5.00042773809503","94.256986","55.8524159166667","277.805644142858","1.106857142772","4.50553796556134"
"23","01-23","15.924133452381","5.60664880952402","92.5768307142857","56.143512952381","277.39532652381","0.953599999851","4.33448916086328"
"24","01-24","16.13183702381","5.728448214286","92.0938243690476","55.5467685119048","283.936129309524","1.081314285693","4.72491283097366"
"25","01-25","16.183880238095","5.120571428571","95.2407781904762","54.7722513333333","282.37476647619","0.998299999851","4.87860312395852"
"26","01-26","16.122924880952","5.363063571429","92.7316882619048","55.0498127261905","280.235700571428","0.994042857228","5.235537347772"
"27","01-27","16.49580797619","5.58614869047602","93.4732896547619","54.0346833928571","291.46698997619","1.153685714307","4.2569423904549"
"28","01-28","16.577813452381","5.81574023809503","93.5916864166667","54.9879919047619","283.13199695238","0.996171428763","4.67703715933224"
"29","01-29","16.631378214286","5.86083678571401","93.0934279285714","55.3796559285714","295.767348214286","0.996171428763","4.7950194164751"
"30","01-30","16.935612261905","6.182254642857","90.2501105952381","53.2290433690476","298.436480928572","1.185614285544","4.69144316659886"
"31","01-31","16.842330119048","6.44119785714304","89.3275004523809","53.6424202619048","301.89605195238","1.1175","4.5004827952381"
"32","02-01","16.264278809524","5.92117023809504","90.864482952381","54.3030700714286","312.266522571428","0.977014285842","5.216848664158"
"33","02-02","16.566303214286","4.94605464285701","91.8157059642857","50.2530304166667","340.204175690476","1.138785714456","4.56102985459162"
"34","02-03","16.736973095238","5.25476119047602","91.0044899404762","50.1670358571429","337.62228647619","1.06854285693","4.47328624545096"
"35","02-04","17.002265833333","5.31355702381001","90.5345223333333","49.7345933095238","343.69970052381","0.977014285842","4.98104422272942"
"36","02-05","17.405571785714","5.76706654761904","90.8964523571429","50.0593675595238","333.630183357142","1.091957142921","4.45528519041234"
"37","02-06","17.8235175","6.08999619047603","89.7628064880952","49.8744163571429","333.89464252381","1.155814285842","4.67806198558658"
"38","02-07","17.648464404762","6.25052226190502","89.5769450238095","51.3558124880952","336.823856761904","1.209028571535","4.53278136656024"
"39","02-08","18.053854285714","6.41573226190502","88.2556899047619","49.7088996190476","347.65803","0.994042857228","4.85060976658152"
"40","02-09","18.193319880952","6.959053095238","87.7897171309524","49.71714675","339.45648354762","1.277142857079","4.69172333434958"
"41","02-10","18.065475833333","6.70416940476201","88.40005275","49.8619155119048","348.865280904762","1.098342857079","4.69072110006386"
"42","02-11","18.034837738095","6.460530833333","89.1364161428571","49.8427300714286","348.025683404762","1.066414285842","4.55843171201514"
"43","02-12","18.106477738095","6.16741595238102","89.2852945952381","50.0218218690476","343.985324095238","0.968500000149","4.41485320794624"
"44","02-13","18.347537261905","6.29077023809504","89.3394242619048","49.1741613095238","329.537482761904","1.192000000149","4.94032175366052"
"45","02-14","18.277835833333","6.56629392857104","88.1935777619048","49.4694669166667","357.48779454762","1.115371428465","4.93810358439214"
"46","02-15","18.107674523809","6.67024035714303","87.1357560714286","49.7478387261905","350.160630071428","0.947214285693","5.11721006335462"
"47","02-16","17.992401904762","6.25484333333304","88.4714588928571","49.4420601666667","356.278204142858","0.947214285693","4.7842166845451"
"48","02-17","18.38504702381","6.01029071428604","89.1825942261905","48.4023821190476","365.918804690476","1.045128571386","5.10443865718542"
"49","02-18","18.705712261905","6.46522107142903","88.8078216190476","48.3992997619048","369.3146335","0.957857142921","4.79545873565042"
"50","02-19","19.160803690476","6.49218821428605","90.1469254642857","48.0570933690476","367.485894404762","1.323971428614","4.41302412305266"
"51","02-20","19.199089404762","6.72620511904802","90.7426775238095","48.8570689404762","366.081139619048","1.066414285842","4.32073483558658"
"52","02-21","19.085736904762","6.87684761904802","90.3261221904762","49.49285025","370.33725697619","1.243085714307","4.3218100754549"
"53","02-22","18.483741071429","6.650384880952","91.2518059880952","51.0847124642857","375.564007809524","1.096214285544","4.64966585374172"
"54","02-23","18.48116547619","6.335423928571","91.2665765714286","50.2056636904762","378.917005285714","1.106857142772","4.56874194532324"
"55","02-24","18.5401575","6.00335321428605","91.6248590952381","49.5276714047619","406.130668785714","1.260114285693","4.41289984287842"
"56","02-25","18.758437619048","6.521694523809","89.7598688571429","49.8124173690476","394.333252595238","1.06854285693","4.64866845735572"
"57","02-26","18.531914761905","6.6101175","87.8020304404762","49.4958237142857","424.922657904762","1.102600000149","5.04130413770814"
"58","02-27","18.852916547619","6.57385261904801","88.4591175833333","48.57326625","438.215704380952","1.108985714307","4.5560230102168"
"59","02-28","19.026479285714","6.99718214285701","86.5538091190476","47.9629984166667","443.889810809524","1.160071428465","4.39781183820166"
"60","03-01","19.339022380952","6.68944440476201","91.218977797619","48.7298092619048","445.73675845238","1.051514285544","4.58720473350362"
"61","03-02","19.444913571429","6.15775845238102","93.4700258809524","48.581883202381","458.841787904762","1.417628571237","4.15730120971538"
"62","03-03","19.210325595238","6.454620238095","93.1820577976191","49.8756035238095","469.526561904762","1.147300000149","4.61448487127958"
"63","03-04","19.236729642857","6.40703880952401","93.0504455119048","49.6302362261905","486.260934190476","1.187742857079","3.92591372625434"
"64","03-05","19.768509404762","6.359740952381","94.8545151071429","48.6318041071429","479.061746309524","1.123885714158","4.52812263012772"
"65","03-06","19.610156071429","6.71429130952401","93.4404778690476","49.4353326547619","468.2071325","1.045128571386","4.41702437504258"
"66","03-07","19.431440357143","6.56571226190505","93.7553396428571","49.9976588809524","485.834664642858","1.036614285693","4.38573339287842"
"67","03-08","19.198811071429","6.73028821428602","92.586771452381","50.1591274404762","457.478525","0.957857142921","4.89677382374566"
"68","03-09","19.055825119048","6.64245916666704","92.7671841547619","50.0627912619048","495.268554761904","1.194128571237","4.50320815257252"
"69","03-10","19.3706675","6.57548130952404","93.4884303095238","49.6871658928571","503.496291904762","1.134528571386","4.3809246238521"
"70","03-11","19.570575714286","6.99096083333302","93.4142827738095","49.8333862857143","505.913170261904","1.111114285842","4.33109229987228"
"71","03-12","19.660515595238","6.955674285714","91.5479049166667","48.3090501190476","522.402228809524","1.0728","4.5119057845238"
"72","03-13","20.026630952381","6.61917226190502","90.4051650119048","46.851204547619","529.73311402381","1.100471428614","5.00249259995742"
"73","03-14","19.894511547619","6.58265666666705","92.253063202381","47.6036265833333","525.783454642858","1.145171428614","4.75344864281458"
"74","03-15","20.069525238095","6.64816059523804","93.3155626547619","47.7524934285714","546.584405238096","1.11324285693","4.97019434068904"
"75","03-16","20.340240595238","6.62487119047603","92.4143860595238","46.5926518690476","556.56493904762","1.209028571535","4.18356903441738"
"76","03-17","20.649763571429","6.83439797619002","91.1699808809524","45.4295856309524","550.843620714286","0.864199999851","4.77789733824424"
"77","03-18","20.314009761905","6.88226547619104","89.8561061785714","45.7792839880952","540.015213095238","0.998299999851","4.83488493943472"
"78","03-19","19.985171428571","6.80563416666701","90.8677333571429","46.4590580833333","555.619393190476","1.151557142772","4.7857665667518"
"79","03-20","19.996395119048","7.25469654761901","89.5484083928571","47.5355878690476","513.012135928572","1.228185714456","4.553303885544"
"80","03-21","20.242703452381","7.55503119047603","88.9524767261905","47.2724007261905","541.420790738096","1.0728","4.86232017142858"
"81","03-22","20.433570952381","7.151237619048","89.6694444880952","45.8148493214286","543.333200095238","1.2516","4.4751800547619"
"82","03-23","20.56771452381","7.22623119047603","89.2526205357143","45.2594872619048","565.138523333334","1.15794285693","4.51968861449858"
"83","03-24","20.904909761905","7.06976642857103","89.6489435119048","44.4214125","583.05020547619","0.97914285693","4.76132669211762"
"84","03-25","20.416458333333","6.767323095238","91.2637898571429","45.0754174285714","569.989503333334","1.102600000149","4.44486836413672"
"85","03-26","20.296044642857","6.61035976190504","89.7184152380952","44.6099990833333","589.210609142858","1.155814285842","4.64302307130086"
"86","03-27","20.917526428571","6.35523452381","90.9486589047619","42.2031976309524","614.537711904762","1.15794285693","4.47757959307"
"87","03-28","20.826623571429","6.18205357142904","89.4286751904762","41.6735116666667","599.19702","1.189871428614","4.40892282852886"
"88","03-29","21.305743571429","6.69824547619004","87.5216078452381","41.3249376785714","628.98106452381","1.12175714307","4.52114937597762"
"89","03-30","21.424080119048","6.641118214286","88.09712375","41.2891435952381","609.634670857142","1.185614285544","4.52236905731314"
"90","03-31","21.461268095238","6.94017607142905","87.9271015595238","41.8870114404762","620.085873809524","1.172842857228","4.7846116132482"
"91","04-01","22.074113690476","6.89672238095204","89.1627295952381","41.3222909404762","610.59111652381","1.126014285693","4.55463774287842"
"92","04-02","21.651756428571","6.78873047619004","88.7005495952381","41.9784796071429","624.405067142858","1.232442857079","4.62184819054004"
"93","04-03","21.772557142857","6.472229404762","90.8477475","41.692158047619","617.94785595238","1.102600000149","4.3315443046129"
"94","04-04","22.293464523809","6.487251190476","91.0060533333333","40.8334596190476","638.873031904762","1.07705714307","4.42358364978714"
"95","04-05","22.223918928571","7.14506249999999","90.5180261547619","42.0479841071429","616.937609880952","0.981271428465","4.46384788463024"
"96","04-06","21.825488690476","7.04620773809501","91.3115512619048","43.2236953333333","634.200765809524","0.953599999851","5.00665561681566"
"97","04-07","22.035998095238","6.71414464285704","90.8122492738095","42.3879808095238","635.98337347619","1.07705714307","4.53809983312048"
"98","04-08","22.612739880952","7.03721011904804","89.8843932857143","41.8043296428571","649.86002952381","1.096214285544","4.52463265017028"
"99","04-09","22.8588175","7.25933416666703","90.666712047619","41.3689114047619","643.284917857142","1.081314285693","4.70277834049748"
"100","04-10","22.592329166667","6.976194404762","90.7762433214286","41.2528334880952","654.789558333334","1.02384285693","4.63806836687952"
"101","04-11","22.37009047619","6.90669452381002","91.3355831309524","41.9763972738095","646.977491666666","1.275014285544","4.49419099302742"
"102","04-12","22.325664285714","7.18736142857102","89.6960779047619","42.1011078333333","669.55201","1.194128571237","4.59176542971538"
"103","04-13","22.797366547619","7.323219285714","89.321185952381","41.110188952381","700.014360238096","0.894","4.7207618404762"
"104","04-14","22.90572","7.34894202381003","89.5497354761905","41.2101044166667","685.737266190476","0.85355714307","4.97925462359666"
"105","04-15","23.041296428571","7.32656678571402","88.61721875","40.7945823095238","688.717562619048","1.147300000149","4.6305592950891"
"106","04-16","23.184651785714","7.71105964285704","87.8551799880952","41.0688728809524","681.055954761904","0.925928571237","4.74417506447728"
"107","04-17","23.098131547619","7.752607857143","88.5033883095238","41.254806797619","702.074679285714","0.972757142772","4.582047357228"
"108","04-18","22.785148452381","7.32790869047602","90.2734091547619","41.7094108214286","691.77493152381","0.994042857228","4.71957682372438"
"109","04-19","22.424896428571","7.31577773809505","88.4104292619048","42.1481118452381","704.385693095238","1.038742857228","4.7358755332482"
"110","04-20","22.711923690476","7.22687476190504","89.4634933333333","41.549204547619","745.44000095238","1.040871428763","4.5757864117132"
"111","04-21","23.318358452381","7.70675559523801","86.2740842738095","39.8357604880952","731.786929761904","1.015328571237","4.82508095733442"
"112","04-22","23.455123333333","7.65664154761902","86.1419740119048","39.2921650119048","731.459252142858","1.040871428763","4.47554968790366"
"113","04-23","23.457006785714","7.78237440476204","86.3488223452381","39.4480607261905","756.67810095238","1.209028571535","4.50475615465548"
"114","04-24","23.462887619048","8.00551583333305","86.7581268571429","40.077269","741.599768333334","1.108985714307","4.74680592140728"
"115","04-25","23.97167452381","7.579186785714","88.4021849404762","38.9375228452381","752.694987619048","1.034485714158","4.89153225965152"
"116","04-26","24.396642619048","7.53351785714301","89.2912906785714","37.9700324642857","786.070972380952","1.021714285842","4.84741430225324"
"117","04-27","25.181365238095","8.144861309524","88.7082392619048","37.7967210476191","784.70092904762","1.055771428614","4.43870516900504"
"118","04-28","25.375845833333","8.38541511904805","87.6713338690476","37.4937603452381","784.065805714286","1.132399999851","4.25700398110138"
"119","04-29","25.062562142857","8.58912142857105","87.328633952381","37.9805901309524","778.171871190476","1.079185714158","4.696979185842"
"120","04-30","24.660387380952","8.62366809523803","85.3026227619048","38.1262854285714","774.085250833334","1.017457142772","5.13272127627562"
"121","05-01","24.752513333333","8.63570357142902","84.1187296547619","37.3629043690476","778.078773571428","0.985528571535","4.64253280227452"
"122","05-02","25.16817547619","8.94238297619","83.386567202381","37.015125047619","788.443114285714","0.97914285693","4.85534289545096"
"123","05-03","25.534349166667","9.273615357143","83.3914538928571","36.9459695714286","777.109623333334","1.055771428614","4.55204907376696"
"124","05-04","25.209077142857","8.97460238095204","85.0400623690476","37.5709420119048","775.608911428572","0.896128571535","4.96361764036976"
"125","05-05","24.649392380952","8.70197035714301","85.0292657380952","38.0799020119048","770.857630714286","0.838657142772","4.79608433341848"
"126","05-06","25.152631785714","8.59999607142902","84.2191705595238","36.3057113690476","795.109558809524","1.019585714307","4.85939336188348"
"127","05-07","25.436652738095","9.20299797619003","80.9057110476191","36.1307835714286","782.31784904762","0.968500000149","4.755476449851"
"128","05-08","26.081322857143","9.26180630952405","81.4645400476191","34.9367318095238","805.486187619048","1.002557142921","4.75219035469804"
"129","05-09","26.367768571429","9.42821428571403","82.2194828809524","34.6458912142857","820.84095904762","1.094085714456","4.74065913316304"
"130","05-10","27.330120238095","9.87692714285703","81.6707665714286","33.2554676190476","825.637471666666","1.025971428465","4.8837005762969"
"131","05-11","27.19143797619","9.97644952381","80.4081579642857","33.3577270119048","837.213523333334","0.957857142921","4.72717594993614"
"132","05-12","27.388469285714","10.092775833333","79.8286036904762","33.270329547619","835.135109285714","0.793957142772","5.12249561437086"
"133","05-13","27.892915357143","10.046403214286","80.0940434285714","32.097298797619","854.14733","0.838657142772","4.5215572119899"
"134","05-14","28.359316547619","10.124229166667","83.0702618690476","32.2110830357143","819.507048095238","0.80885714307","4.43115885931096"
"135","05-15","27.636368928571","10.183165952381","81.0954332142857","33.1546671666667","814.597614261904","0.959985714456","4.46518407840114"
"136","05-16","27.724220833333","10.126780238095","80.8790559761905","32.7064479880952","826.805049761904","0.891871428465","4.70688484296358"
"137","05-17","28.728244642857","10.454573095238","79.686579","30.9443175","848.791737380952","0.911028571386","4.6119081690902"
"138","05-18","28.627526190476","10.634500714286","80.3637686904762","31.5787937142857","843.502324285714","0.881228571237","4.93042829066776"
"139","05-19","28.667218690476","10.720131309524","80.8164236666667","31.6708180595238","852.318547142858","0.913157142921","4.8562106523171"
"140","05-20","28.324117738095","10.726021309524","82.6678162976191","33.2919440952381","837.93723047619","0.874842857079","4.6916620333972"
"141","05-21","28.007510595238","10.849727261905","83.2029294285714","34.1056148928571","839.710640238096","0.994042857228","4.38083339991486"
"142","05-22","28.182589166667","10.774788809524","84.3384444880952","34.2067920833333","825.645632380952","1.006814285544","4.41694154540838"
"143","05-23","27.988257738095","10.536894285714","85.5516923095238","33.9030544166667","841.08204452381","0.977014285842","4.51009493320562"
"144","05-24","27.884375833333","10.616002857143","85.068424202381","34.3431983571429","837.865984285714","0.913157142921","4.61436233803138"
"145","05-25","28.030544404762","10.778127142857","84.9806907738095","34.3820072857143","846.941536428572","0.876971428614","4.54192234281458"
"146","05-26","28.317901666667","10.991094523809","84.2947558690476","34.2242548214286","850.710356904762","0.925928571237","4.2394209882868"
"147","05-27","29.081035238095","11.063298095238","83.8590208095238","31.8935451666667","859.110022142858","1.03235714307","4.61965404264428"
"148","05-28","29.213990595238","11.471679880952","82.422204202381","32.3225350595238","831.324989880952","0.862071428763","4.53086999028462"
"149","05-29","29.060541190476","11.262269642857","83.3113874642857","32.3365244642857","867.441463809524","0.776928571386","4.72590565480448"
"150","05-30","28.929725595238","11.151541309524","82.8997437261905","31.8860171428571","871.393918809524","0.970628571237","4.6326295740011"
"151","05-31","29.428487380952","11.484766071429","80.5642632857143","31.0693450595238","883.619927619048","0.864199999851","4.71506431205376"
"152","06-01","29.986666666667","11.682886666667","83.5387304404762","30.6331476309524","886.887223571428","0.857814285693","4.39515565002128"
"153","06-02","29.547084285714","11.569470119048","82.8525530357143","31.1414228690476","885.66243404762","0.815242857228","4.60784801420058"
"154","06-03","29.110126428571","11.242867738095","82.6387331071429","30.9138526190476","889.598470714286","0.936571428465","4.62155744772548"
"155","06-04","29.17949","11.268442380952","81.3734671190476","30.797723452381","902.48873047619","0.830142857079","4.81955211673052"
"156","06-05","29.74696797619","11.56254702381","82.1560667261905","30.36257175","876.928667142858","1.051514285544","4.5894554049322"
"157","06-06","29.934069642857","12.388707142857","77.863152202381","30.1109301547619","881.06381452381","0.906771428763","4.54740028314176"
"158","06-07","30.358573333333","12.228624404762","77.8752153928571","29.0630134345238","896.467241190476","1.064285714307","4.38229246664538"
"159","06-08","30.68749202381","12.204798095238","78.7257696309524","28.6393225357143","905.799672619048","0.953599999851","4.54178110729186"
"160","06-09","30.76763547619","12.440716428571","77.9470137857143","28.4714049047619","896.57619904762","0.874842857079","4.60818171434958"
"161","06-10","30.689237380952","12.6347525","77.9662752857143","29.1057862619048","900.324572857142","1.089828571386","4.49124525718542"
"162","06-11","31.09297","12.841012142857","78.3289155714286","28.657544797619","894.578956428572","0.928057142772","4.51119564294228"
"163","06-12","31.800798095238","13.025812142857","76.8052512619048","27.3119027261905","906.578578333334","0.953599999851","4.42542216443472"
"164","06-13","31.752162738095","12.9854425","76.5094891428571","27.434496797619","913.460674285714","0.955728571386","4.35713136194734"
"165","06-14","31.767106785714","13.26839047619","74.8269780119048","27.1624931309524","906.342440238096","0.834400000149","4.56516082127958"
"166","06-15","31.431764642857","13.111540952381","76.1128124642857","27.6434774107143","895.258597142858","0.876971428614","4.26932194281458"
"167","06-16","31.285162380952","13.021949880952","76.9589906785714","27.9019922738095","899.521884285714","0.821628571386","4.21237890004258"
"168","06-17","30.864410595238","13.028933214286","76.7477056904762","28.4266049761905","901.314214285714","0.823757142921","4.300127707079"
"169","06-18","31.268000714286","12.780686904762","78.0912141904762","27.4005820833333","907.68453","0.930185714307","4.68387857140728"
"170","06-19","31.646145357143","13.406250833333","75.3071966904762","27.4096615714286","910.792768333334","0.740742857079","4.51695981434958"
"171","06-20","32.708434880952","13.623691190476","75.4521353333333","26.1676883809524","891.19207595238","0.766285714158","4.419392385842"
"172","06-21","32.7296805952381","13.937388452381","75.3715198928571","26.9911706607143","894.228964761904","0.768414285693","4.52824060716414"
"173","06-22","32.809072738095","13.955467261905","76.9309353571429","26.8973137738095","905.675639761904","0.876971428614","4.28257493329076"
"174","06-23","32.855703690476","13.706199761905","78.6619401785714","26.856086202381","905.588279285714","0.80885714307","4.37535871407286"
"175","06-24","32.849980833333","13.651520833333","79.9016910595238","27.103671702381","905.150628095238","0.823757142921","4.365455957079"
"176","06-25","33.193197261905","13.603458452381","78.704729","26.0993986666667","909.428609761904","0.772671428763","4.1803018807608"
"177","06-26","33.270384761905","13.531027619048","78.9115080595238","26.2860908095238","907.114960238096","0.819499999851","4.13772225252996"
"178","06-27","33.098769880952","13.340113928571","79.5879378690476","26.1260368928571","902.442355714286","0.793957142772","4.22075358579942"
"179","06-28","32.808721547619","13.345138928571","81.5811437261905","27.058972202381","910.789973095238","0.779057142921","4.2673687166028"
"180","06-29","32.834581190476","13.424389761905","82.0507487738095","27.0542011904762","908.716477380952","0.702428571237","4.4403565740011"
"181","06-30","33.304963690476","13.709217142857","79.3972391547619","25.9402107559524","907.427671666666","0.736485714456","4.30953519744876"
"182","07-01","33.19582702381","13.7386575","80.1133403214286","26.482512952381","908.023857619048","0.71945714307","4.31540997835858"
"183","07-02","33.396457380952","13.659631190476","80.5759680595238","26.5085982738095","914.291982380952","0.679014285693","4.34089008573558"
"184","07-03","33.669606904762","13.576466785714","84.2308535","26.4055558333333","907.406330714286","0.806728571535","4.11393052608404"
"185","07-04","33.854856547619","13.779455833333","83.8552451547619","26.6613165833333","899.704702142858","0.796085714307","4.103643435693"
"186","07-05","34.179495714286","13.88316452381","84.2346577976191","26.1156434583333","912.620718809524","0.757771428465","4.16060970010642"
"187","07-06","33.675551785714","14.127450357143","82.116710702381","26.957542672619","908.179612380952","0.689657142921","4.40117001898376"
"188","07-07","33.236845952381","14.115676428571","82.4751151309524","27.7858553452381","904.769190238096","0.730099999851","4.3757295906252"
"189","07-08","33.496761785714","14.009408809524","83.5988079047619","27.2453517083333","911.038418809524","0.762028571535","4.32135509751262"
"190","07-09","33.675006428571","13.936133928571","85.3133560952381","27.0767607261905","910.190948809524","0.847171428465","4.079034471535"
"191","07-10","33.605041428571","14.017976904762","86.0354261785714","27.4708594761905","901.14728595238","0.80013","4.18117293571428"
"192","07-11","33.514119642857","14.190405357143","83.6245568452381","27.5598602380952","900.888317380952","0.739785","4.19483946666666"
"193","07-12","33.301341547619","14.081530357143","83.9696640595238","27.4012966785714","899.256863809524","0.793425","4.28136717857142"
"194","07-13","32.846126904762","13.857632857143","84.1025030476191","27.7389322380952","900.93434095238","0.71967","4.3892829095238"
"195","07-14","33.018185357143","13.924481547619","84.7073655714286","27.4302331071429","897.164275714286","0.70179","4.2244366047619"
"196","07-15","33.329038690476","14.162827619048","82.1022037976191","27.0694836785714","889.03349547619","0.7599","4.28528274761904"
"197","07-16","32.984987261905","14.119230595238","84.4962993571429","27.861763202381","891.847866904762","0.780015","4.25418722142858"
"198","07-17","32.731003690476","14.217081904762","86.1519739642857","28.4716165714286","869.236074761904","0.784485","4.26524417857142"
"199","07-18","33.049982261905","14.349011428571","85.5872267142857","27.9958817619048","877.767188095238","0.730845","4.2747126452381"
"200","07-19","33.189561309524","14.205940714286","86.5736716190476","27.5267147738095","868.70982595238","0.71967","4.38115168809524"
"201","07-20","33.268770833333","14.157462619048","86.8998069166667","27.4496800595238","876.874819285714","0.75543","4.34469532857142"
"202","07-21","33.055687380952","14.257048214286","86.4512043452381","27.6258710357143","871.222438333334","0.74649","4.32671447380952"
"203","07-22","33.245323571429","14.445435714286","83.6749848928571","27.3179474761905","860.687122619048","0.768414285693","4.4051168190689"
"204","07-23","33.110920595238","14.497814404762","83.70659325","27.7121297738095","857.073769285714","0.768414285693","4.23429705240224"
"205","07-24","32.782151071429","14.360652142857","84.0500461547619","27.9295899761905","860.532053571428","0.75564285693","4.36721564307"
"206","07-25","32.760665714286","14.252217142857","85.4508830119048","27.4851659404762","859.642364761904","0.717328571535","4.45721246179834"
"207","07-26","32.76769702381","14.371355833333","84.9896126547619","27.4047937857143","845.720923095238","0.676885714158","4.51846785965152"
"208","07-27","33.576418214286","14.306086547619","84.3470527142857","26.1707315238095","845.606644285714","0.80034285693","4.28562514068904"
"209","07-28","33.432273690476","14.427420833333","84.1463491309524","26.7326260595238","825.644102380952","0.747128571237","4.24245043114396"
"210","07-29","33.4268575","14.390661428571","83.4074495476191","26.4341044047619","827.72435952381","0.832271428614","4.22936571900504"
"211","07-30","33.580037261905","14.247920119048","85.3515844642857","26.0085295238095","823.811593809524","0.772671428763","4.29753706409414"
"212","07-31","33.455859761905","14.59355202381","82.2311401904762","26.3022824404762","829.62952404762","0.7152","4.39034366666666"
"213","08-01","33.454557738095","14.260028690476","83.3607096309524","26.034063547619","831.438491428572","0.742871428614","4.3469855761479"
"214","08-02","33.948490238095","14.79723452381","79.6401108333333","25.2435792857143","823.277217857142","0.736485714456","4.429201485544"
"215","08-03","34.319194285714","14.802771428571","80.3619264642857","24.9678978571429","837.024624761904","0.747128571237","4.42518397638204"
"216","08-04","34.599592619048","14.806941785714","80.2436268095238","24.207774672619","828.075842142858","0.793957142772","4.26097172627562"
"217","08-05","34.316888928571","14.570538095238","82.8068271309524","24.7939388928571","823.62166152381","0.847171428465","4.17214863820166"
"218","08-06","33.788166190476","14.347328571429","83.7226753214286","25.363090922619","806.415511904762","0.84504285693","4.25921385735572"
"219","08-07","33.520471071429","14.192427738095","84.5958519880952","25.6255449285714","800.725957619048","0.806728571535","4.07043810465548"
"220","08-08","34.000210952381","14.297894047619","83.2748832023809","25.0941560119048","816.135603571428","0.785442857079","4.09492613101624"
"221","08-09","33.707991071429","14.28487202381","82.9874891309524","25.0053522857143","819.249043809524","0.793957142772","4.15350615484704"
"222","08-10","33.965295","14.06971202381","82.989545797619","24.3170728214286","817.865772857142","0.8046","4.3389937952381"
"223","08-11","33.7160564285711","14.098059642857","83.599331","24.86288075","806.418496666666","0.751385714307","4.38888190950252"
"224","08-12","33.871432738095","13.962606785714","85.5616649166667","24.8224938571429","810.053072619048","0.747128571237","4.16103703114396"
"225","08-13","34.100430595238","14.293892142857","82.1767646904762","24.4538555","804.440342857142","0.747128571237","4.36343010733442"
"226","08-14","33.9656025","14.337780595238","81.2225429642857","24.1819993571429","805.460538571428","0.76415714307","4.44056569026334"
"227","08-15","33.537630238095","14.295409166667","81.9651606071429","24.8556009940476","787.337599761904","0.723714285693","4.29350247621176"
"228","08-16","33.175551785714","14.039812261905","82.37488325","25.2590561071429","795.215265714286","0.762028571535","4.20348194751262"
"229","08-17","32.771067738095","14.075235119048","82.9148679285714","25.8322503690476","789.08868047619","0.742871428614","4.4314847761479"
"230","08-18","32.819556904762","13.966850595238","83.5779425595238","25.9778854285714","791.711765","0.766285714158","4.59792546203248"
"231","08-19","32.518566547619","13.929726071429","84.2986460357143","26.4232304761905","788.11297952381","0.806728571535","4.507314178465"
"232","08-20","32.692869761905","13.763938452381","83.5008875595238","25.7903151904762","785.526942380952","0.76415714307","4.43548548312048"
"233","08-21","32.803648690476","13.7243740476191","85.1688614404762","25.7201581904762","784.60152404762","0.717328571535","4.31984633084596"
"234","08-22","32.816644404762","13.571973095238","86.9475953095238","25.9889503452381","783.568188571428","0.738614285544","4.48122466207504"
"235","08-23","32.558768452381","13.5595725","87.49011625","26.2775362857143","781.486739761904","0.798214285842","4.48113205701514"
"236","08-24","33.10686202381","13.859881309524","84.4071349166667","24.9872273154762","770.859003095238","0.7152","4.28902497142858"
"237","08-25","33.762673809524","13.943139523809","83.2586098333333","24.0500939642857","763.907678095238","0.821628571386","4.31518817147114"
"238","08-26","34.044812261905","14.398739642857","80.6018509285714","23.8374400357143","756.860977619048","0.774799999851","4.1344142096728"
"239","08-27","33.897959880952","14.748081547619","79.5113344166667","24.4354673095238","744.593822142858","0.789700000149","4.3323867046129"
"240","08-28","33.393566666667","14.660388571429","79.2884861666667","25.2568127380952","740.21478595238","0.7152","4.21023118333334"
"241","08-29","33.186479166667","14.09919297619","81.9531854880952","25.0686529047619","750.471307380952","0.751385714307","4.187328335693"
"242","08-30","33.246753452381","14.057925595238","82.5733348690476","24.8835582142857","744.408291190476","0.857814285693","4.27777806192604"
"243","08-31","33.219515952381","14.180214404762","82.669965","25.1339218928571","733.352320238096","0.749257142772","4.46348823341848"
"244","09-01","33.148325","14.043196428571","82.6831338809524","25.2715840833333","738.732181428572","0.757771428465","4.11066995343976"
"245","09-02","32.944601309524","14.193663452381","81.1006252142857","25.517033547619","718.64374","0.71945714307","4.36934042359666"
"246","09-03","32.746077380952","14.215496071429","81.9089960595238","25.884056077381","718.399233019048","0.836528571237","4.24456013590586"
"247","09-04","32.532978214286","13.807979642857","83.8703239166667","26.1236155238095","718.005558","0.7599","4.46921347857142"
"248","09-05","32.512316904762","13.770445714286","82.1576578214286","25.5630942440476","714.04372904762","0.708814285842","4.5089325689199"
"249","09-06","32.657772261905","13.959961309524","79.0758446309524","24.9944167619048","699.579004445238","0.740742857079","4.54568122863528"
"250","09-07","32.396612857143","13.625087857143","81.4010755357143","25.3867678214286","697.223786714286","0.730099999851","4.48151450729186"
"251","09-08","32.178627738095","13.714640238095","81.8962396666667","25.9341184880952","696.71252747619","0.828014285544","4.07928629778934"
"252","09-09","31.760886190476","13.707504642857","81.8489070119048","26.4800686071429","687.168506904762","0.862071428763","4.41356548314176"
"253","09-10","31.857663809524","13.806485","81.7531460119048","26.5161520357143","679.496513809524","0.768414285693","4.51965833097366"
"254","09-11","32.055470595238","13.82429297619","81.5425000238095","26.0730196309524","674.729848690476","0.700300000149","4.22759209270814"
"255","09-12","32.49553","13.677123095238","80.9038939761905","25.0670078809524","681.554466190476","0.749257142772","4.00584500484704"
"256","09-13","32.124044047619","13.547436309524","83.7558789404762","25.8916601845238","666.50033452381","0.857814285693","4.05381099049748"
"257","09-14","31.988089642857","13.579096666667","81.8856107738095","25.5972881666667","674.22599595238","0.783314285544","4.18687417159886"
"258","09-15","32.342545833333","13.53618547619","81.2636752142857","25.4566513869048","672.666098095238","0.740742857079","4.1520896024448"
"259","09-16","32.500123333333","14.178174642857","79.3295561785714","25.5606972142857","653.843673809524","0.717328571535","4.23909129751262"
"260","09-17","31.9766075","13.803282619048","80.7486147142857","26.112096547619","641.149650714286","0.7152","4.38897544285714"
"261","09-18","31.713889166667","13.838184047619","80.5099224404762","26.4170044880952","638.132541666666","0.772671428763","4.2720340117132"
"262","09-19","31.704390357143","13.682736547619","80.9188626785714","26.6746915833333","630.923170238096","0.7152","4.20021875714286"
"263","09-20","31.949313095238","13.612415119048","79.6324248214286","25.6829177678571","619.455858333334","0.783314285544","4.2704710239798"
"264","09-21","31.62482452381","13.120904642857","80.7122165119048","25.6555920595238","633.33207952381","0.825885714456","4.13536040697258"
"265","09-22","31.112045952381","12.817355833333","82.3346712857143","26.1007328630952","629.469202","0.840785714307","4.06222445474062"
"266","09-23","31.100181428571","12.945713928571","82.2035395","26.5359623333333","625.12133452381","0.753514285842","4.2421995046342"
"267","09-24","31.182837857143","12.912218690476","80.228801547619","26.2654603154762","615.196775238096","0.66624285693","4.3147171525938"
"268","09-25","31.830030119048","13.042414166667","79.65612475","24.6730095535714","604.174967619048","0.785442857079","4.1582953976829"
"269","09-26","31.942140595238","13.232835357143","78.9535121547619","24.5544856904762","611.584078571428","0.721585714158","4.11294231441342"
"270","09-27","31.725051904762","12.994173928571","80.7121135595238","26.0869130535714","586.310488928572","0.791828571237","4.13558900971538"
"271","09-28","31.81584702381","13.035080952381","82.4118069761905","25.7811003833333","584.108680238096","0.7599","4.13303413571428"
"272","09-29","31.7754858333331","12.894702738095","81.8893390952381","25.1457620047619","587.037223333334","0.766285714158","4.03134685250866"
"273","09-30","31.659676785714","13.285077619048","79.1000891190476","26.007403897619","571.734436904762","0.736485714456","4.04086324268686"
"274","10-01","31.800558452381","13.159984404762","79.6719525119048","25.4201690761905","567.587300119048","0.872714285544","3.88392714778934"
"275","10-02","31.537453928571","12.988941904762","78.4333880357143","25.329807252381","562.003138095238","0.864199999851","3.84250062395852"
"276","10-03","31.062471428571","12.600955714286","78.8695121309524","25.8116309738095","552.601972857142","0.842914285842","4.30008811653896"
"277","10-04","31.232965595238","12.641054880952","77.4133529642857","25.3460727083333","542.616044761904","0.977014285842","3.8839857093961"
"278","10-05","31.294109642857","12.966047380952","75.0737157738095","24.7571601285714","542.675158166666","0.830142857079","4.0794621024448"
"279","10-06","31.198043333333","12.478952380952","76.3672245119048","24.1128417452381","535.82405952381","0.742871428614","4.09264079519552"
"280","10-07","30.683975952381","12.1809625","76.8414536666667","24.5315943392857","520.592414761904","0.770542857228","4.4273145475339"
"281","10-08","30.971844166667","11.89181202381","79.4892557619048","24.3709085059524","514.626298095238","0.776928571386","4.23648716194734"
"282","10-09","30.362788809524","11.991196785714","77.8593686071429","25.790507625","506.954906190476","0.821628571386","4.36625704766162"
"283","10-10","30.429391309524","12.042624285714","76.6532373452381","25.2890421666667","504.812166333334","0.796085714307","4.149039535693"
"284","10-11","29.728154047619","11.891687261905","78.2769604047619","26.8689964047619","498.415075142858","0.911028571386","4.18526350956638"
"285","10-12","29.833269880952","11.914445","76.1016732261905","25.6793591190476","510.296286309524","0.919542857079","4.31780341673052"
"286","10-13","29.350471666667","11.69783952381","78.6570758928571","26.2040965833333","490.567609666666","0.9387","3.75834962142858"
"287","10-14","28.887327380952","11.229583928571","81.2488354523809","27.8735585","479.095026904762","0.868457142921","4.34343401065042"
"288","10-15","28.43730797619","11.064136547619","79.0431753928571","28.2350771488095","488.092659642858","0.742871428614","4.42594764519552"
"289","10-16","28.505091547619","10.761121666667","78.6827158690476","27.2011938214286","488.015116642858","0.883357142772","4.35042998818038"
"290","10-17","28.607364166667","11.0581925","77.9419243452381","27.4135257357143","490.017458809524","0.823757142921","4.72416573803138"
"291","10-18","28.458268214286","10.959114285714","79.1222022261905","27.1003927845238","486.473478095238","0.717328571535","4.590154778465"
"292","10-19","28.768322738095","10.44209047619","80.3327391190476","26.1102786238095","484.794035714286","0.870585714456","4.35077656887734"
"293","10-20","28.521200357143","9.96252238095201","80.3044253095238","25.5719694345238","476.310652857142","0.885485714307","4.34012281426442"
"294","10-21","27.89312047619","9.746430595238","82.0035493095238","26.9598546607143","468.675397714286","0.825885714456","4.25456498316304"
"295","10-22","26.797330714286","9.94836083333303","81.4602043809524","29.9250176428571","456.364639785714","0.94295714307","4.17835338312048"
"296","10-23","26.468631785714","9.79038654761905","81.8842452738095","30.0191422535714","449.151703714286","0.836528571237","4.0284985182868"
"297","10-24","26.178214404762","10.124599285714","82.4849368571429","31.1863373392857","432.772223571428","0.996171428763","3.8264933307608"
"298","10-25","25.281654761905","9.39835285714304","85.295920797619","33.4110621488095","425.92249652381","1.008942857079","4.23152310720672"
"299","10-26","25.293598571429","9.74078583333301","83.5950013095238","32.8273551190476","421.787762595238","1.070565","4.47593357380952"
"300","10-27","25.966445238095","9.81000523809502","82.4723671547619","31.3530136547619","431.837918809524","0.96999","4.68441097380952"
"301","10-28","26.058633214286","9.85357011904802","83.4886761785714","31.2577835119048","422.542100738096","0.927525","4.39932405309524"
"302","10-29","25.9653175","9.00645714285702","85.0392527142857","31.1681688095238","423.459753095238","1.02363","4.11452151904762"
"303","10-30","25.482567380952","8.93273226190502","84.074765","31.618493952381","415.077520666666","0.87612","4.44434997380952"
"304","10-31","25.122779285714","8.72906476190502","85.9303806904762","32.9678976845238","412.582334166666","0.82695","4.13615731190476"
