Label,X,Y,Z,LWP,Rg,gs,An,Tleaf,Node
LII_1,37.37,-2.12,104.0,-0.795841007941025,118.36537513491304,0.19950913573795256,7.057281351603418,27.417923714319862,_ProxyNode(2137)
LI_1,39.31,2.45,103.8,-0.7957911589048575,62.11599225707595,0.11617715577008197,3.7175127432402917,27.68747780952413,_ProxyNode(2136)
LII_1,40.26,-5.82,115.17,-0.8192511082109817,78.13545815692387,0.13985115217039107,4.693191625013263,27.503900114669158,_ProxyNode(2134)
LII_2,44.47,-7.44,116.08,-0.8194473306051877,104.18987203020785,0.1778141211478249,6.281037446325826,27.305335190301527,_ProxyNode(2132)
LI_2,37.93,-5.51,110.82,-0.8190975475026674,108.00317400957788,0.18292895825165637,6.4737117925116685,27.489187403980974,_ProxyNode(2130)
LII_1,39.15,-3.88,125.56,-0.8488045924881782,23.917593815171426,0.050336353067048714,1.0776666654352205,27.845146736224187,_ProxyNode(2128)
LII_2,37.86,-5.62,128.87,-0.8494227733238501,19.124655540079527,0.042268121080435934,0.7283308908902804,27.772440708566158,_ProxyNode(2119)
LII_3,41.83,-5.7,129.52,-0.8499869083427777,24.699567906101844,0.05171681920249567,1.1528159397539781,27.679304719635596,_ProxyNode(2118)
LII_4,43.53,-3.73,131.84,-0.8506340210585276,42.69802978516642,0.0817684674216866,2.443271032332394,27.367401166649863,_ProxyNode(2116)
LI_3,42.65,9.29,121.32,-0.8484810594826617,325.01641986022014,0.3114097692054517,11.915913813519396,27.803746500758123,_ProxyNode(2114)
LII_1,42.89,-6.17,133.78,-0.8740983670993633,27.565153359106255,0.05570301985782411,1.3544829772722444,27.632986373583055,_ProxyNode(2112)
LII_2,44.01,-6.87,133.65,-0.8752299910844336,33.69974813794143,0.06572859714317418,1.7951853455799522,27.63399787782967,_ProxyNode(2110)
LII_3,43.9,-11.39,135.26,-0.8764102157274908,38.37436116510239,0.07331687228792515,2.122824233169844,27.52643207360591,_ProxyNode(2101)
LII_4,49.27,-8.39,134.01,-0.8775491810866911,62.130133877362304,0.11036462971657353,3.736367483015396,27.58869625998386,_ProxyNode(2100)
LII_5,52.09,-20.88,141.25,-0.8789517355785068,150.13757181465604,0.2246754173676314,8.6147702763313,26.950510714481094,_ProxyNode(2098)
LII_6,53.87,-16.56,137.09,-0.8794541050252721,61.315594922889254,0.10944775806521355,3.670421879022875,27.204472018734332,_ProxyNode(2096)
LI_4,38.14,-5.49,125.07,-0.8733703183493635,88.65917267835198,0.1501027285703735,5.383059111452447,27.19541969306568,_ProxyNode(2094)
LII_1,43.33,-6.89,143.32,-0.8988534478556252,31.01151924820149,0.060285670835656995,1.5794284645378198,27.710038724896283,_ProxyNode(2092)
LII_2,45.81,-9.4,142.73,-0.900757353411308,24.618999241215825,0.0499774439832253,1.1479627306612699,27.668014498237547,_ProxyNode(2083)
LII_3,42.66,-13.13,145.2,-0.9028078993072599,117.07420759460767,0.18246039491679145,6.9655975196154,27.115852326628755,_ProxyNode(2082)
LII_4,45.3,-16.86,145.31,-0.904594659136575,179.24658655666016,0.24413406641958316,9.657532866168914,27.03042650703341,_ProxyNode(2080)
LII_5,43.53,-21.46,150.62,-0.9064611451421265,329.47923686811555,0.30587560062392555,12.24427577888629,27.174871280814163,_ProxyNode(2078)
LI_5,44.02,12.82,134.2,-0.8984784565085471,364.16222728585416,0.3014314654990953,11.935494672544607,27.719454669263364,_ProxyNode(2076)
LII_1,44.93,-3.86,147.01,-0.9175113281515302,73.91541096525738,0.12417373935833827,4.4650727374927115,27.54024976773948,_ProxyNode(2074)
LII_2,50.64,-8.51,149.96,-0.919966219416988,135.2829054614867,0.20042592213697394,7.81845761214538,27.464149693811233,_ProxyNode(2065)
LII_3,52.0,-12.93,150.59,-0.9224356788042392,236.87581977318152,0.27231626295977174,10.979988956873285,27.529651460211312,_ProxyNode(2064)
LII_4,57.87,-11.74,149.32,-0.9244131498098194,45.932077849091876,0.08253879232895278,2.6660271872953842,27.52062565805831,_ProxyNode(2062)
LII_5,51.47,-20.35,151.09,-0.9267467481304528,155.73798771496462,0.22253585359463562,8.871552095757014,26.689778454666815,_ProxyNode(2060)
LII_6,64.03,-17.98,149.81,-0.9279462976411754,91.62860870602147,0.14828220314062274,5.573177783890063,26.89320328739628,_ProxyNode(2058)
LI_6,39.35,-13.76,140.9,-0.9168555694352378,105.08308525219263,0.16713080272208333,6.350153923360274,26.884074660861415,_ProxyNode(2056)
LII_1,44.85,3.67,158.21,-0.9370848521419621,333.02631556854936,0.2890788224915301,11.774986555778597,27.731627384141532,_ProxyNode(2054)
LII_2,42.27,7.36,163.44,-0.9398605734825829,240.27794242685968,0.28704679824593954,11.755102668899909,27.3043065990178,_ProxyNode(2044)
LII_3,54.82,7.28,160.23,-0.94237680849501,38.180316310716385,0.06962370652194541,2.090263844785916,27.42763454395717,_ProxyNode(2043)
LII_4,46.74,13.57,164.24,-0.9451867481257719,105.62556251397365,0.1631529497151211,6.365417992555692,26.91243924201473,_ProxyNode(2041)
LII_5,56.89,8.7,160.55,-0.947341231392078,74.06884674395175,0.12223907956748373,4.537776222307546,26.74457790285486,_ProxyNode(2039)
LII_6,48.8,22.16,169.98,-0.9505316756581242,455.38933841446885,0.29669474368555104,12.218499484576768,27.722658511724745,_ProxyNode(2037)
LI_7,46.65,11.13,148.73,-0.9375862515806557,381.8589166673251,0.29254537004499026,11.957744626003205,27.411279264346685,_ProxyNode(2035)
LII_1,39.37,4.66,165.61,-0.9502378895831105,685.1802567121434,0.30709882388306453,12.506086900003325,28.893825680901337,_ProxyNode(2033)
LII_2,41.01,7.99,165.28,-0.9511812751847545,573.6282462463375,0.30401081328169755,12.427092891508636,28.579151220352088,_ProxyNode(2023)
LII_3,31.66,10.68,162.94,-0.9520672495368694,300.46734436319497,0.2871357154914073,11.858815002273502,27.508357413122766,_ProxyNode(2022)
LII_4,28.15,12.51,160.98,-0.9527016004991655,68.09824476846323,0.11298504993967906,4.1207345809535845,27.20581980323629,_ProxyNode(2020)
LII_5,27.37,21.22,162.05,-0.9538678272991338,355.14746587585716,0.28833367916766045,11.912730680712386,27.629905035422908,_ProxyNode(2018)
LI_8,41.48,-15.38,162.9,-0.9521118659024926,332.43365381607845,0.2890274151746874,11.99303063783006,27.004343399828247,_ProxyNode(2016)
LII_1,46.15,-3.5,175.38,-0.9597053473349566,377.03828852392695,0.28770588673870723,11.933042496108357,27.71812794220791,_ProxyNode(2014)
LII_2,40.44,-8.74,172.79,-0.9617027006470604,150.1976404787273,0.21018090124864047,8.57573577512916,26.86295630352663,_ProxyNode(2012)
LII_3,32.84,-12.03,175.39,-0.9638140175585359,404.99034804974013,0.2912599690366965,12.113907051686581,27.795574977826362,_ProxyNode(2002)
LII_4,42.51,-17.31,174.25,-0.9655069070832212,473.6122417992677,0.29886266866407113,12.44818052977098,27.814971498030932,_ProxyNode(2001)
LII_5,35.81,-17.04,173.53,-0.9670617374143844,350.7514254586685,0.29040812850716285,12.180559727253836,27.167708192158692,_ProxyNode(1999)
LI_9,49.82,12.58,169.01,-0.9600440731813227,287.4797731211607,0.27912333558761887,11.638225713658784,27.134154575825328,_ProxyNode(1997)
LII_1,50.37,4.95,182.62,-0.9642106763764098,606.1881171152575,0.29903704689617416,12.377700905412297,28.36229797120145,_ProxyNode(1995)
LII_2,47.8,11.7,182.78,-0.9660759681235034,643.5292537713012,0.30158195651942266,12.476922202266095,28.578036056321448,_ProxyNode(1987)
LII_3,49.28,15.3,181.17,-0.9677246282245392,450.7055731141561,0.29360845501462074,12.230940034085336,27.977735121147575,_ProxyNode(1986)
LII_4,50.96,20.5,180.95,-0.9695536317910355,701.4044682726853,0.3016805722971852,12.524716359080614,28.51380738152364,_ProxyNode(1984)
LII_5,51.13,24.82,180.9,-0.9707569816594543,673.9020755199632,0.3050224496766369,12.634273620538536,28.858976898837053,_ProxyNode(1978)
LI_10,47.29,-15.12,181.36,-0.9649484676430342,592.2482213876859,0.3036887522164352,12.624695765849935,27.986271329781985,_ProxyNode(1976)
LI_1,34.54,-2.52,102.88,-0.815857308611897,110.08730020470081,0.18604896660951037,6.600170452533305,27.421965757137624,_ProxyNode(1975)
LII_1,30.25,5.45,112.74,-0.8600397622924347,30.744728085243267,0.06130435327886794,1.5342950688583628,27.779893691691772,_ProxyNode(1973)
LII_2,31.86,4.47,110.63,-0.8602528190236585,47.466471503818624,0.08863878083422823,2.699174429160685,27.692416756400064,_ProxyNode(1971)
LI_2,35.19,5.57,109.86,-0.8598596910710499,27.808442452935864,0.05631073636044617,1.3037176971062543,27.97352754180594,_ProxyNode(1969)
LII_1,34.74,3.5,117.62,-0.9288901450001317,32.83993662859987,0.06175430120428363,1.6751695106909494,27.822065857230413,_ProxyNode(1967)
LII_2,35.66,8.49,115.33,-0.929066103445656,15.003481408115054,0.03376712685116772,0.43811824755319506,27.87987117835089,_ProxyNode(1958)
LII_3,42.72,3.67,111.06,-0.9293207320844945,85.4716934180039,0.13915613301324478,5.151793965773752,27.47846066705808,_ProxyNode(1957)
LII_4,38.53,13.49,107.58,-0.9293812967744817,80.50314070220304,0.1323058983091296,4.861939575997884,27.464150696346778,_ProxyNode(1955)
LI_3,24.17,-6.4,122.33,-0.9288826589129232,134.33847988049908,0.19959222379638517,7.82736012879807,27.234939857487678,_ProxyNode(1953)
LII_1,26.21,3.29,125.37,-0.9787012400718931,45.45194573372293,0.0782168810343342,2.6031785814147455,27.632453632227246,_ProxyNode(1951)
LII_2,27.19,3.73,119.44,-0.9820937976047615,28.591349343515848,0.05294567347221912,1.3948398430296436,27.85531609580238,_ProxyNode(1949)
LII_3,25.73,9.38,116.52,-0.9856550476070784,162.04583094185276,0.21377535351112173,8.91465162297811,27.452662094753002,_ProxyNode(1940)
LII_4,21.47,7.96,112.42,-0.9889290455632287,240.4425585518478,0.27301465518540957,11.60575560877724,27.632280652153327,_ProxyNode(1939)
LII_5,19.52,16.16,112.35,-0.9922081531053555,566.1535442384295,0.29478615080416665,12.409094638017962,29.030383478287586,_ProxyNode(1937)
LII_6,24.04,8.72,100.62,-0.9939155675886374,228.79599447136133,0.2659512160381192,11.313175040165092,27.76824218637503,_ProxyNode(1935)
LI_4,31.62,6.53,126.22,-0.9756348562192577,53.99015458109922,0.09081617808957104,3.1330593216195517,27.496900701489935,_ProxyNode(1933)
LII_1,29.77,5.99,134.62,-1.024278767371746,115.8466537390639,0.1635762410008389,6.838808586466769,27.208808352232435,_ProxyNode(1931)
LII_2,27.88,8.94,130.56,-1.0281419090891144,235.6951597907186,0.26064764506867566,11.505132090136826,27.179866543734693,_ProxyNode(1922)
LII_3,33.58,12.85,127.36,-1.0319329697620612,328.1359901877051,0.265786108923516,11.738398002806449,27.610321470400322,_ProxyNode(1921)
LII_4,34.49,16.69,125.53,-1.0355881948847148,409.2010844498958,0.26700200846015426,11.773420619728,28.145163454118386,_ProxyNode(1919)
LII_5,34.77,21.03,121.1,-1.0387428404662877,412.1613088303174,0.2648374452571989,11.690255584116443,28.330544740415892,_ProxyNode(1917)
LII_6,30.4,23.77,115.93,-1.0414414557875724,548.2555681207375,0.2758570710134711,12.138292720426449,28.958345589788134,_ProxyNode(1915)
LI_5,25.6,-8.01,132.89,-1.021732134527145,212.12947778387598,0.24934310748768948,10.881186952903608,27.234859138028487,_ProxyNode(1913)
LII_1,28.33,4.31,140.82,-1.048581249671442,98.95538369438458,0.14064527203641083,5.895392989685927,27.35900388234144,_ProxyNode(1911)
LII_2,26.27,5.43,136.98,-1.0507974870853118,88.90255290916541,0.12891394937082065,5.318818244382943,27.308653219158508,_ProxyNode(1901)
LII_3,27.19,7.26,130.42,-1.053069358493892,160.94831696071904,0.20113293241762348,8.901683020032092,27.245627947792578,_ProxyNode(1900)
LII_4,28.37,3.33,124.06,-1.0550675814968895,145.41601866475105,0.18626477289477597,8.187387151136928,27.462623318043057,_ProxyNode(1898)
LII_5,30.46,12.17,121.96,-1.057134760648074,306.4881434915802,0.2534567138249659,11.425794286617304,27.87998729705702,_ProxyNode(1896)
LII_6,35.48,6.65,117.43,-1.0575044858215108,80.3557676975121,0.11743802129723822,4.806723564123587,27.511623265210048,_ProxyNode(1894)
LI_6,35.46,12.85,146.57,-1.048369724801843,118.21321919616443,0.1622706121415336,6.9621230189915515,27.067131791254724,_ProxyNode(1892)
LII_1,26.27,3.99,155.46,-1.071386745230085,77.05098382732714,0.11208126338932084,4.5866879417190525,27.431571415825477,_ProxyNode(1890)
LII_2,25.9,4.91,156.65,-1.0729410588608097,42.906628990445235,0.06815034986855517,2.332482689474425,27.779632938708485,_ProxyNode(1880)
LII_3,27.34,9.08,161.1,-1.0745283503098724,32.72371499893935,0.05461719802649987,1.6800272470660325,27.483374956789458,_ProxyNode(1879)
LII_4,23.88,11.61,161.52,-1.0760432152722472,93.1618205372836,0.1298933259595898,5.5698808432708695,27.301441153316446,_ProxyNode(1877)
LII_5,20.65,11.98,168.45,-1.0777633713859918,196.71947931733715,0.22306851492619495,10.231770995628416,27.202619262541557,_ProxyNode(1875)
LI_7,21.26,-6.31,144.28,-1.0722039436660038,184.99805909496177,0.21630486143185734,9.874391927779449,26.787833727085953,_ProxyNode(1873)
LII_1,27.35,3.67,161.35,-1.0866765545638644,53.39380914705934,0.0809534213338508,3.074139433665419,27.620515245964093,_ProxyNode(1871)
LII_2,24.05,9.02,163.6,-1.0888052393937988,21.838959616965376,0.039270496099730684,0.9091963042593534,27.647961389096814,_ProxyNode(1869)
LII_3,29.33,9.47,166.24,-1.0910974796899426,84.73332670731368,0.11840293864256829,5.087893042333661,27.266037506751566,_ProxyNode(1859)
LII_4,24.28,16.52,167.27,-1.0932217394873203,435.0948014188207,0.2533439341545144,11.813986969022011,28.034087013266575,_ProxyNode(1858)
LII_5,31.8,15.26,171.08,-1.0953597431841335,714.5303717400395,0.2645343677760023,12.273499914091985,28.832131958174088,_ProxyNode(1856)
LI_8,36.14,11.88,158.43,-1.085838118722736,65.55921053070585,0.0965323701945594,3.8915363676052976,27.316716332069927,_ProxyNode(1854)
LII_1,24.49,7.32,167.08,-1.0970118476995205,25.47028579116292,0.04374467883956504,1.152270120179157,27.74236284899057,_ProxyNode(1852)
LII_2,19.13,10.54,164.5,-1.0990327289554145,288.96750667274955,0.2424293308054032,11.396511728736499,27.728821187697847,_ProxyNode(1850)
LII_3,25.42,14.74,163.95,-1.1010301696125153,45.24409204467943,0.06964866738329215,2.588159937475524,27.373036820190475,_ProxyNode(1848)
LII_4,18.03,19.79,161.77,-1.1029921270079566,466.93346002163094,0.25239892088196864,11.862079909992033,28.2415891933707,_ProxyNode(1838)
LII_5,24.17,25.76,163.53,-1.1049754585566152,794.4351423161834,0.2659002438193152,12.385536612850743,29.408042131235412,_ProxyNode(1837)
LI_9,16.52,-11.96,159.63,-1.0973370709645245,466.6037175265087,0.2598380611812792,12.201470773095053,27.76632051861505,_ProxyNode(1835)
LII_1,25.11,4.37,169.25,-1.0993811779570297,63.286024066289635,0.09220054765469188,3.7290639291678325,27.560828943888954,_ProxyNode(1833)
LII_2,22.12,9.16,166.63,-1.0997823401830624,38.21480060107165,0.06045540324139978,2.0564056269098323,27.595612725243313,_ProxyNode(1831)
LII_3,27.21,11.89,164.26,-1.100222454278811,26.072839535247898,0.04449608330393727,1.2118811966555683,27.5713402501626,_ProxyNode(1823)
LII_4,22.16,15.19,158.98,-1.1005705738692928,63.13117825508283,0.09207243892897601,3.72999751308879,27.351188061123725,_ProxyNode(1822)
LII_5,33.64,17.75,158.53,-1.100929794109431,59.43760845433952,0.08753347055691706,3.515877994419103,27.294557316810057,_ProxyNode(1820)
LI_10,24.84,7.99,167.57,-1.1012749728811644,368.1086274493065,0.24679581994679403,11.621547405818475,27.818171385250388,_ProxyNode(1814)
LI_1,73.31,-3.08,102.43,-0.7889357781770949,35.1172150762974,0.07138567351973871,1.858806911609257,27.879375810360436,_ProxyNode(1812)
LII_1,76.2,4.18,114.74,-0.8080044006910406,109.76724617266618,0.18424581176302035,6.5775950124102245,27.38863129563458,_ProxyNode(1811)
LII_2,80.3,7.58,114.52,-0.8081896903216605,99.98656649422367,0.17252233323486865,6.060219524089078,27.26456702352305,_ProxyNode(1809)
LI_2,80.56,5.28,111.65,-0.8078558150299087,299.2624488654407,0.31202393513970145,11.667369423787576,27.663721567041506,_ProxyNode(1807)
LII_1,76.84,-3.89,123.33,-0.8236557810977665,9.504122493266719,0.026545660700942244,0.07141097377851224,27.93565995107874,_ProxyNode(1805)
LII_2,80.81,-5.32,125.04,-0.8240253575751709,6.5754851278309765,0.021685094698817704,-0.1389072784242842,27.965682047732265,_ProxyNode(1803)
LII_3,81.38,-8.51,127.08,-0.8244149819889922,6.610454971742829,0.0216793164206707,-0.19839083095968846,27.756828212577894,_ProxyNode(1794)
LII_4,83.67,-7.6,127.71,-0.8247269135110082,6.357885807493651,0.021294588295609075,-0.19075497096233107,27.788017021827567,_ProxyNode(1793)
LI_3,78.95,-8.5,118.85,-0.8233013515649847,15.433971723241793,0.03652764037314588,0.4578078184409513,27.84338270155053,_ProxyNode(1791)
LII_1,73.25,2.02,124.61,-0.8377178148370009,8.112681899450271,0.024111541755338355,-0.02017140665150663,27.87514706360751,_ProxyNode(1789)
LII_2,70.37,-6.38,124.02,-0.8392048669265231,3.6189239999059435,0.016863025729997105,-0.3611586311452193,27.837564973543287,_ProxyNode(1787)
LII_3,70.25,5.7,117.26,-0.8407049262461321,30.478646695520712,0.06163490204293656,1.5279445451657914,27.727943807159875,_ProxyNode(1785)
LII_4,69.97,-6.37,113.11,-0.8420807518120415,19.54037942615445,0.043136750395597626,0.7461212201231753,27.68654775267183,_ProxyNode(1776)
LII_5,64.7,7.66,109.81,-0.843818564811861,94.52996829348994,0.16108709913463554,5.725444999949723,27.363403375245163,_ProxyNode(1775)
LII_6,62.24,-9.61,105.29,-0.844755154425744,80.90871314063071,0.14162668070056392,4.887879829819553,27.450449790170822,_ProxyNode(1773)
LI_4,76.28,11.89,125.81,-0.8368350838943601,188.9812683371351,0.2656007233881495,10.048025644572519,27.253569589181758,_ProxyNode(1771)
LII_1,81.64,-3.46,140.89,-0.8516256778746547,10.955086551248131,0.02867160862465707,0.1922867413776288,27.767538897590722,_ProxyNode(1769)
LII_2,80.83,-7.01,144.73,-0.8523806312068197,8.767998096570356,0.025057679686364312,0.03197808322170559,27.759942319461775,_ProxyNode(1767)
LII_3,80.74,-8.25,146.67,-0.8531679215824929,8.220706581394449,0.024160151991307378,-0.0035827741363689825,27.773401781934453,_ProxyNode(1758)
LII_4,81.25,-10.46,149.64,-0.8538308222764901,2.1605737521219925,0.014623210286073624,-0.39736326555797774,27.73520675393854,_ProxyNode(1757)
LII_5,75.36,-9.35,150.42,-0.8546376076070586,8.185290272258394,0.02409385008947277,-0.015392927113129673,27.593204876680176,_ProxyNode(1755)
LII_6,86.87,-9.13,150.14,-0.855180809965408,10.908502443023776,0.028492512672779503,0.14026544459537504,27.551794347088176,_ProxyNode(1753)
LI_5,82.29,-12.47,133.1,-0.851375313816512,49.253424921119155,0.09240368000479462,2.8473634231387734,27.21428704343788,_ProxyNode(1751)
LII_1,82.87,-4.53,146.89,-0.8645982404607349,5.669064929861252,0.01997022089731464,-0.17834693789447797,27.86982214380012,_ProxyNode(1749)
LII_2,89.0,-6.34,148.95,-0.8650631090652348,4.294934501946005,0.017834100563568097,-0.2629304078371142,27.82637746057776,_ProxyNode(1740)
LII_3,87.53,-10.86,148.54,-0.8654968337190239,3.0411309943197464,0.015900432253173565,-0.3681999027669889,27.731823296453904,_ProxyNode(1739)
LII_4,90.69,-5.56,146.88,-0.8659657939488608,9.534069304669442,0.026150563251299903,0.08261189810185599,27.717278865265282,_ProxyNode(1737)
LII_5,99.33,-16.8,150.51,-0.86641944335717,19.4397970590109,0.042407131765753135,0.7297986836197019,27.496674211341066,_ProxyNode(1735)
LII_6,100.17,-10.88,147.72,-0.8667875996433858,14.258095069487183,0.03386210832998601,0.38676743261764557,27.50572522984303,_ProxyNode(1733)
LI_6,71.07,14.36,146.99,-0.8667277282948396,189.65306510902738,0.2594321444740543,10.023712789628679,27.09800468972675,_ProxyNode(1731)
LII_1,76.93,-5.97,157.77,-0.8783235832316028,2.917517974450555,0.0156795302714241,-0.35276779113723933,27.819179668904102,_ProxyNode(1729)
LII_2,74.68,-7.72,158.78,-0.8795027115307208,12.735505347804834,0.03114932831736832,0.29434198940031564,27.65025365650202,_ProxyNode(1719)
LII_3,79.0,-15.99,158.74,-0.8806982184209184,43.75750187141219,0.0817727786511322,2.4817870715411807,27.412956550357013,_ProxyNode(1718)
LII_4,81.51,-20.26,157.86,-0.8819548743941058,104.31696530241504,0.17064989889096896,6.3286166517892894,26.82061459843163,_ProxyNode(1716)
LII_5,78.17,-24.89,159.04,-0.883197022105494,227.772611657386,0.2935060619736322,11.594515344646037,26.432637371925303,_ProxyNode(1714)
LI_7,80.75,-12.86,150.16,-0.8780735576813647,34.996919716899015,0.06794665499262612,1.8923522951766252,27.16951182837977,_ProxyNode(1712)
LII_1,86.29,-4.53,164.75,-0.8861647871355438,18.319072700506116,0.04016935805796243,0.7160618136751609,27.725664700151142,_ProxyNode(1710)
LII_2,87.46,3.27,158.82,-0.8861808879487331,38.09103598735818,0.07257666295613888,2.1402858735939247,27.282817821427596,_ProxyNode(1708)
LII_3,89.71,-7.66,155.43,-0.8860851389973273,5.9114967760609805,0.02018567493662836,-0.17754683617069844,27.712021537653747,_ProxyNode(1698)
LII_4,86.76,2.99,151.31,-0.886069798131982,11.178414626380148,0.02850505071118603,0.17140777246841665,27.640366112555647,_ProxyNode(1697)
LII_5,88.83,-8.8,146.92,-0.8859163312823038,8.023487481380904,0.02349408372508275,-0.03686269389856278,27.63535123483491,_ProxyNode(1695)
LI_8,83.33,17.57,164.49,-0.8891248203754716,335.05619098657564,0.2988723915828939,11.783826860687682,27.45508631119788,_ProxyNode(1693)
LII_1,77.49,-3.45,172.22,-0.8932676611637456,15.547949152152123,0.03546985479084932,0.5092948220971714,27.76520482478641,_ProxyNode(1691)
LII_2,78.03,-7.89,168.89,-0.8936930452732967,21.530329450844757,0.04525263473983682,0.9387500969081728,27.523165021276547,_ProxyNode(1689)
LII_3,75.63,-3.56,162.37,-0.8941150958598312,24.451473697704973,0.04998364001554438,1.1283184843627048,27.42350510856813,_ProxyNode(1687)
LII_4,71.32,-14.01,164.35,-0.894685396348175,159.7993768901104,0.2306683434279092,8.991290516785046,26.95461687322603,_ProxyNode(1677)
LII_5,73.91,-5.13,154.28,-0.8943987502884597,15.783765245548755,0.03584095413143034,0.5076017161778026,27.517216083910032,_ProxyNode(1676)
LI_9,84.5,-15.75,172.38,-0.8954393800454483,331.25616838509745,0.30739317335169336,12.218040150750923,27.0883491752574,_ProxyNode(1674)
LII_1,90.14,-3.5,187.2,-0.8993011523362398,105.82362904310301,0.1699980730354611,6.349982549270926,27.30496443020847,_ProxyNode(1672)
LII_2,87.79,2.88,186.07,-0.9004190128712937,125.51449463984981,0.19399252713057427,7.434423835011394,26.939218867557045,_ProxyNode(1670)
LII_3,93.91,-6.91,186.25,-0.9015819850339857,123.81887455058154,0.1924815530428127,7.365980049839251,26.850063669151368,_ProxyNode(1662)
LII_4,99.69,6.73,186.96,-0.9027090197282758,445.31011844015984,0.3061398839699773,12.18754574796668,27.482676533873917,_ProxyNode(1661)
LII_5,99.6,-8.96,185.63,-0.903654992631554,224.81350032587534,0.2855033615096989,11.484570169101712,25.987038886129287,_ProxyNode(1659)
LI_10,83.44,14.11,179.99,-0.9006681648724943,505.8104344867615,0.3085840783774958,12.223358364001328,27.872039492418736,_ProxyNode(1653)
LI_1,74.57,1.67,102.29,-0.8070862157636933,57.15447738734246,0.10738195314680084,3.343968546637246,27.81320211316384,_ProxyNode(1651)
LII_1,71.25,-3.63,114.33,-0.8430823716140368,7.109428263132386,0.022415324359438507,-0.10103365939479758,27.830430603115953,_ProxyNode(1650)
LII_2,75.06,4.04,113.59,-0.8433551470373882,124.0643273148088,0.19953973747660647,7.338727529279591,27.278964982148278,_ProxyNode(1648)
LI_2,69.79,-7.39,111.9,-0.8428153611866932,9.617565061927007,0.02648157596789216,0.04469823382646965,27.77975190714983,_ProxyNode(1646)
LII_1,73.76,-2.82,125.49,-0.8891197047928634,5.082478648969729,0.018876217641813135,-0.23480171988836673,27.880911451841456,_ProxyNode(1644)
LII_2,73.52,6.77,129.51,-0.8895415049970704,6.392299585646491,0.02086832174852964,-0.16754843752240234,27.81043934228736,_ProxyNode(1642)
LII_3,74.97,-5.73,129.55,-0.8899662782079354,3.0758610316409976,0.015872141914767584,-0.34434202167552286,27.779420034768613,_ProxyNode(1633)
LII_4,74.58,8.87,132.15,-0.8903977765528216,18.963107961276283,0.04111615471803369,0.7437983704916782,27.567595684076494,_ProxyNode(1632)
LI_3,66.15,7.03,121.79,-0.8887950433081513,55.55730574403443,0.09961671706184919,3.286908045876306,27.5485992812297,_ProxyNode(1630)
LII_1,71.85,-5.34,129.28,-0.9211190333710793,4.168690650748459,0.01731917746892024,-0.2906006375684811,27.889088992111674,_ProxyNode(1628)
LII_2,74.35,-3.48,121.74,-0.9221371856001075,4.5980239776471645,0.017921006994349235,-0.2894541759253215,27.85634620633914,_ProxyNode(1626)
LII_3,68.94,-9.31,119.91,-0.9231676887339451,14.477959287914832,0.032974112886892955,0.34080256037194445,27.71609979177845,_ProxyNode(1624)
LII_4,75.28,-5.28,111.73,-0.9241799190802353,26.771780696869993,0.05244858141896001,1.2389136711624609,27.662443318951752,_ProxyNode(1615)
LII_5,72.89,-12.03,110.08,-0.9253035659847242,70.96048761949424,0.11979983396549786,4.269725544237076,27.201145009725614,_ProxyNode(1614)
LII_6,71.01,-9.11,103.53,-0.9259247731023428,57.45545772113909,0.09957964713081657,3.344167141970658,27.701306988365136,_ProxyNode(1612)
LI_4,72.44,-12.01,129.62,-0.9203791983546636,54.93853596615828,0.09658477465744575,3.206973644216916,27.286705708364778,_ProxyNode(1610)
LII_1,68.04,-3.31,146.7,-0.9618919470972703,16.92298026256286,0.03605181116088599,0.6014821607277696,27.813538334553513,_ProxyNode(1608)
LII_2,75.13,3.51,147.38,-0.9632638165802534,14.41826216330673,0.03217969748687257,0.40644950039660444,27.798527765672326,_ProxyNode(1606)
LII_3,71.35,-7.91,152.21,-0.9645966692804173,8.29017811885474,0.023031621254316955,0.0028291286578578934,27.779268815291623,_ProxyNode(1597)
LII_4,72.29,9.1,154.01,-0.9659846910124215,17.521142609133843,0.03693215802176615,0.6579041245382413,27.615672901364313,_ProxyNode(1596)
LII_5,78.31,-11.7,157.48,-0.9671973371387803,11.780140734402451,0.02818748018335839,0.22977593325282442,27.529056791371154,_ProxyNode(1594)
LII_6,76.45,11.68,158.12,-0.9690700036532425,91.26779119088305,0.14185349644008155,5.547991726378857,26.980541889477458,_ProxyNode(1592)
LI_5,71.56,10.89,136.19,-0.961471768415412,108.24099601862112,0.16344018211986666,6.455291043067291,27.28926860776846,_ProxyNode(1590)
LII_1,73.57,6.0,152.18,-0.9990720722607584,11.76010913927081,0.02759989268139389,0.24797775252918441,27.767068681748746,_ProxyNode(1588)
LII_2,70.67,8.35,148.95,-1.0007318236025808,54.97124256173487,0.09031406275003906,3.2397172987342913,27.369702830953536,_ProxyNode(1579)
LII_3,79.31,9.04,144.24,-1.0022942718991636,16.609186034138073,0.03465668439941035,0.6056025950053758,27.665241412539316,_ProxyNode(1578)
LII_4,82.73,15.9,143.47,-1.004009897581425,86.28843236389332,0.1306541266960262,5.227413883441969,27.24277347785883,_ProxyNode(1576)
LII_5,79.56,16.46,143.54,-1.0051747416007266,29.166941795279794,0.05308994915068169,1.5058664218888893,27.473448495964803,_ProxyNode(1574)
LII_6,81.21,17.55,133.65,-1.007040981603537,140.0313262039285,0.18999645792539546,8.020926409792008,26.98961785747885,_ProxyNode(1572)
LI_6,71.02,-16.94,150.29,-0.9985382602355689,53.05023414379524,0.087931554475275,3.0951170832849044,27.1825944366096,_ProxyNode(1570)
LII_1,66.45,-3.99,160.64,-1.0296811445771423,23.956338416871713,0.04442698966473676,1.1115599137758707,27.679422599713806,_ProxyNode(1568)
LII_2,65.38,-6.7,157.71,-1.0312252532394623,48.80738256571149,0.0793279975130951,2.780731886987084,27.445810682182902,_ProxyNode(1558)
LII_3,60.73,-11.35,157.52,-1.0328069836028009,114.56841850297232,0.1610021224089693,6.772644029502501,27.16000199533891,_ProxyNode(1557)
LII_4,63.45,-17.05,155.6,-1.0343121759932736,235.83125778761072,0.2614770530281492,11.627506235976576,26.910217476834582,_ProxyNode(1555)
LII_5,57.14,-18.34,156.25,-1.0355420767431753,245.84713452712634,0.2613843057667367,11.61172336831855,27.31720130701524,_ProxyNode(1553)
LI_7,65.04,13.84,157.14,-1.0311915267846312,314.22505707156785,0.26103243996883235,11.546410568837672,27.344913779418675,_ProxyNode(1551)
LII_1,71.25,-3.88,176.31,-1.0533671824681954,254.01548791330828,0.2484581696506729,11.176285905056133,27.69766038511273,_ProxyNode(1549)
LII_2,74.81,3.65,175.68,-1.054783046472136,51.15963903571865,0.08075240435491181,2.9887830128545616,27.45555511087398,_ProxyNode(1547)
LII_3,70.05,-3.77,180.82,-1.0562295871155873,319.3522694307995,0.26403319430050254,11.937497370531204,27.536259914321803,_ProxyNode(1537)
LII_4,82.23,6.69,176.9,-1.0572350127081465,34.47361822279599,0.05800618421268569,1.8492844201281606,27.498646204894158,_ProxyNode(1536)
LII_5,84.13,-2.67,177.53,-1.0586728688305342,161.6892532988254,0.20065057231424888,8.968096301238965,26.83706426294696,_ProxyNode(1534)
LI_8,65.01,-17.04,171.75,-1.0548381773943278,434.27552586899094,0.26835561108700084,12.107548169625701,27.64051440025312,_ProxyNode(1532)
LII_1,67.04,3.33,183.66,-1.0668331378776825,804.9403714484533,0.27891041575714665,12.508756178204223,29.473256393734133,_ProxyNode(1530)
LII_2,71.19,7.3,182.92,-1.0688100766814557,761.4700211167524,0.2758205149219374,12.426043841216156,29.207912714788513,_ProxyNode(1528)
LII_3,77.33,7.34,182.47,-1.0706502028143337,369.2276285029069,0.25692370000345754,11.7306818932272,27.935326538265564,_ProxyNode(1526)
LII_4,80.34,14.71,185.14,-1.0724297877348363,532.9199901310706,0.265912353650943,12.115552570450362,28.38270573506697,_ProxyNode(1516)
LII_5,90.23,10.71,185.42,-1.0737376722185807,363.7568496783639,0.2576522168224154,11.812979757087405,27.81678717048803,_ProxyNode(1515)
LI_9,62.61,14.09,177.13,-1.067802034569787,647.0480745226947,0.2710687914414538,12.248048172483522,28.797330152110707,_ProxyNode(1513)
LII_1,63.24,-3.53,186.71,-1.072384287417194,279.9656003847703,0.2532624704041187,11.670186976971095,27.100025736804596,_ProxyNode(1511)
LII_2,64.06,-5.3,182.69,-1.073637252271185,183.51138816388644,0.2145237775371996,9.806724884350562,26.768991226506827,_ProxyNode(1509)
LII_3,59.8,-6.7,179.37,-1.074790022436734,194.32238041213617,0.22300056774193944,10.196517876059275,27.114468408557176,_ProxyNode(1501)
LII_4,55.51,-11.1,175.81,-1.0759725341779824,375.0274434209146,0.2606969351142902,12.051050077503845,27.17950184672935,_ProxyNode(1500)
LII_5,56.99,-5.26,168.74,-1.0763158919544638,126.49399543022076,0.16564272250302747,7.3773536463657265,26.840695497490696,_ProxyNode(1498)
LI_10,62.58,-15.81,187.95,-1.0736242783190972,631.1937081940874,0.2723936950135534,12.445219285339306,28.24310231175447,_ProxyNode(1492)
LI_1,108.15,2.88,97.86,-0.7989699491944426,55.06489619571239,0.10449724777964445,3.2316311709928947,27.783590557374282,_ProxyNode(1490)
LII_1,106.0,-4.7,108.72,-0.8270967822661965,25.513136310867353,0.0538313788241556,1.2247049534986765,27.638865253146946,_ProxyNode(1489)
LII_2,106.97,-9.54,110.9,-0.8272936237512112,49.58982446372805,0.09416182272773828,2.869771244123619,27.47952585184925,_ProxyNode(1487)
LI_2,111.1,-7.34,107.38,-0.8268841642398632,13.543326418298351,0.03326044494554873,0.3253465722617612,27.840745502968197,_ProxyNode(1485)
LII_1,110.31,-4.9,115.22,-0.8633224673003383,38.319330053724215,0.0739334956699712,2.143102400773735,27.47364315278159,_ProxyNode(1483)
LII_2,110.98,-3.76,108.73,-0.8633721606717799,18.391259188394628,0.04080685520468164,0.7133572768852439,27.74354004562017,_ProxyNode(1481)
LII_3,106.74,-8.03,105.92,-0.8634652400873508,43.10062975042042,0.08148055814078765,2.403106947169846,27.61403584552758,_ProxyNode(1472)
LII_4,116.08,-4.77,99.9,-0.8635031664295553,71.72001029729364,0.12619242180536905,4.327787322695361,27.453460755722993,_ProxyNode(1471)
LI_3,102.71,5.4,115.85,-0.8632888123511684,12.677095452737287,0.03135625445008696,0.31342344674831324,27.6833030460988,_ProxyNode(1469)
LII_1,110.12,-4.14,131.06,-0.8985130256468724,8.627779529740325,0.024320438859028615,0.030356860728812052,27.85730540320976,_ProxyNode(1467)
LII_2,117.95,-1.25,130.92,-0.8995240471325258,14.541940870918966,0.03370190827832095,0.4329116779060662,27.80918704981491,_ProxyNode(1465)
LII_3,116.77,-8.98,133.82,-0.9004946505908873,13.088642642140101,0.031325486556250136,0.32107205285502616,27.87441306464565,_ProxyNode(1463)
LII_4,117.78,-7.92,138.11,-0.9014310745555185,8.050223816144003,0.023364051298198713,-0.022132655540232804,27.884977745415107,_ProxyNode(1454)
LII_5,123.13,-13.68,137.19,-0.9024651205586278,33.81801402063635,0.06480033284980778,1.779087133782756,27.318618073883105,_ProxyNode(1453)
LII_6,132.63,-3.44,134.25,-0.9029988812842549,22.457463426464393,0.0465038398234028,1.009581739130617,27.486905974425056,_ProxyNode(1451)
LI_4,113.16,-9.42,124.8,-0.8976233539088039,20.326687467841058,0.043063759849839546,0.8149992930979266,27.648889921824065,_ProxyNode(1449)
LII_1,112.14,3.88,141.42,-0.9307454740492378,14.350913263805207,0.03280393102294798,0.43206543306538947,27.807018146025918,_ProxyNode(1447)
LII_2,107.06,4.09,143.98,-0.9332034281417563,7.822635467482354,0.02270059035687054,-0.02475120722715829,27.769849923901067,_ProxyNode(1445)
LII_3,106.0,5.16,146.83,-0.9356309520828026,9.560971786807789,0.025346705401455796,0.11015686612786268,27.68894218217457,_ProxyNode(1436)
LII_4,103.51,5.8,149.66,-0.9380981730064624,14.00674666969614,0.03219202617811847,0.4268568934095427,27.613871265924722,_ProxyNode(1435)
LII_5,109.8,13.99,153.81,-0.9411203862389739,376.04644608899474,0.28672621465635095,11.695288701588638,27.91440763246246,_ProxyNode(1433)
LII_6,108.22,10.18,154.82,-0.9428396709383957,141.017292132058,0.20247560103058132,8.120360413210676,26.890980499619438,_ProxyNode(1431)
LI_5,108.0,12.07,136.47,-0.9298966444582426,376.75625599251197,0.29051021509453817,11.75205471140923,27.882570888551832,_ProxyNode(1429)
LII_1,107.99,-6.21,143.28,-0.9464721340029203,6.090862562678498,0.019962534324787107,-0.1581956499576762,27.889091596717062,_ProxyNode(1427)
LII_2,107.32,-11.97,142.17,-0.9485926714200841,55.90884167873764,0.09589467476626573,3.279181376312284,27.26547266413771,_ProxyNode(1425)
LII_3,104.21,-8.18,136.76,-0.9507112833582871,27.495578203735413,0.05276032736831711,1.3432612111014635,27.457741738735155,_ProxyNode(1415)
LII_4,108.81,-15.89,134.45,-0.9527871871429532,88.23568695329443,0.14066838512331606,5.348341267776956,27.036853055916588,_ProxyNode(1414)
LII_5,99.45,-18.73,132.98,-0.9546960046225387,60.84231591276306,0.10262192207834192,3.6172902675473395,27.188742588482008,_ProxyNode(1412)
LII_6,100.74,-30.73,136.27,-0.9568158513084436,197.1096717310671,0.2546054814041717,10.522360589481156,26.735400628511883,_ProxyNode(1410)
LI_6,128.19,-7.79,144.14,-0.9445589639185927,10.993254411875567,0.027358215793043667,0.17470945302242313,27.610607107445066,_ProxyNode(1408)
LII_1,109.71,-6.5,153.41,-0.9580640890440957,2.699964899449714,0.015072852167636805,-0.36398557150106825,27.831958657757152,_ProxyNode(1406)
LII_2,110.12,-11.26,154.09,-0.9589789405225645,5.205144977200305,0.018563072496986174,-0.240033469064997,27.809842816888356,_ProxyNode(1404)
LII_3,107.86,-12.92,153.99,-0.959950934526572,14.165423920410081,0.031933164022360204,0.4091867350480278,27.634606952944697,_ProxyNode(1394)
LII_4,107.93,-21.07,158.09,-0.9608162675028815,20.069690635069644,0.0409336571147067,0.8077176434757156,27.485950381444496,_ProxyNode(1393)
LII_5,109.67,-21.41,157.82,-0.9620342288657062,110.46845920549077,0.16762517515848568,6.6382775232866535,26.769955706948895,_ProxyNode(1391)
LI_7,107.68,7.71,147.17,-0.9592836955575751,108.42461155871247,0.16346529728006742,6.47663424074479,27.127079437237832,_ProxyNode(1389)
LII_1,115.18,3.4,164.93,-0.974211117624022,6.274371598453316,0.020002646303139242,-0.132126740253252,27.839754378708424,_ProxyNode(1387)
LII_2,112.61,3.81,166.82,-0.9759034962983686,7.067880155661542,0.021120569203316588,-0.08664975563811339,27.763830676364414,_ProxyNode(1385)
LII_3,111.99,6.09,170.42,-0.9775597470869122,9.114912876201602,0.02403138935824245,0.023785572698681534,27.702789927967373,_ProxyNode(1383)
LII_4,109.96,8.71,174.46,-0.9795595615055022,317.01039739297966,0.2780404838221756,11.730268716543677,27.620176721710337,_ProxyNode(1373)
LII_5,111.76,5.18,173.58,-0.9807645252738404,142.81243719036507,0.1979645068728725,8.173856697099442,27.045386610351738,_ProxyNode(1372)
LI_8,121.19,-10.0,158.04,-0.9730365545970475,21.11630281971577,0.04216481637276595,0.8734870787479991,27.39406103939939,_ProxyNode(1370)
LII_1,116.48,-4.11,171.54,-0.9832110065007919,61.462789415904396,0.10092312118480547,3.6190408140262633,27.30013290013971,_ProxyNode(1368)
LII_2,117.82,-2.34,171.35,-0.9845374164352161,25.83693071437023,0.04885886435549868,1.2161670308386974,27.555085227270393,_ProxyNode(1366)
LII_3,122.0,-7.05,172.23,-0.9858834047444056,36.050895476419925,0.06411933863376276,1.942908477380513,27.337739506678545,_ProxyNode(1364)
LII_4,130.7,-6.26,174.19,-0.9871432186566824,66.99512324842894,0.10796861054140522,4.056229559213648,27.29523512373687,_ProxyNode(1362)
LII_5,122.45,-10.96,174.99,-0.9886671290762368,181.5435380356464,0.2319498835594117,9.816880430523518,26.734343019761617,_ProxyNode(1352)
LI_9,104.8,6.88,163.52,-0.9842824814185474,295.1466588815575,0.27219555580117877,11.573591024007982,27.17661154434151,_ProxyNode(1351)
LII_1,118.38,4.33,178.19,-0.9879495994766418,43.95395979152839,0.07551444411268159,2.501360128474232,27.49810328652167,_ProxyNode(1349)
LII_2,116.18,8.13,179.65,-0.9899351957739575,138.1664971094931,0.19102934799933663,7.927022561780298,27.149922387344784,_ProxyNode(1347)
LII_3,121.48,10.5,179.79,-0.9916799804254901,60.577854932686726,0.09893945047028237,3.6111113813171762,27.269079068714177,_ProxyNode(1345)
LII_4,117.03,15.46,184.56,-0.9938563050535829,552.5916532400176,0.29140492980833077,12.357715380016913,28.4202925914227,_ProxyNode(1337)
LII_5,131.88,14.63,180.37,-0.9949961791107673,234.58472571352817,0.2659840923076565,11.446177849244908,26.81121232518381,_ProxyNode(1336)
LI_10,119.69,6.66,170.86,-0.9867072494527847,45.71319600746071,0.07831537281689592,2.6520838037603944,27.268623212106988,_ProxyNode(1334)
LI_1,98.56,-2.56,104.41,-0.7961763910828461,64.05553817779891,0.11939865784290589,3.797695035493092,27.644190471808045,_ProxyNode(1328)
LII_1,105.62,5.3,113.54,-0.8172334784245531,11.515795464607132,0.030037408659982445,0.2124106121616265,27.756941532965566,_ProxyNode(1326)
LII_2,108.42,7.02,113.83,-0.8174071585773024,10.275285114224959,0.02794620584536227,0.13079786182952446,27.753513866310314,_ProxyNode(1325)
LI_2,103.9,3.76,109.29,-0.8170742428594088,22.53768632718867,0.04878444110155276,0.9520933097309197,27.894137890964483,_ProxyNode(1323)
LII_1,99.42,5.47,117.0,-0.8398677042763765,7.4210800446683125,0.022918075702013777,-0.10159762878931389,27.841307003416517,_ProxyNode(1321)
LII_2,100.06,9.05,113.13,-0.8397814986017763,11.68380825024757,0.029958824923592278,0.2038750927158226,27.860201688731212,_ProxyNode(1319)
LII_3,103.72,13.11,110.32,-0.8397038620942991,8.74061618391575,0.02513630420976979,0.017885013690545293,27.695284399155728,_ProxyNode(1317)
LII_4,99.49,15.08,105.75,-0.8396118544005764,21.47546772133015,0.046552740809072235,0.9263947270141308,27.754443226991345,_ProxyNode(1308)
LI_3,99.21,5.18,115.81,-0.8399531301186292,22.84906528080748,0.048729043206864255,0.97795151896986,27.847364999593623,_ProxyNode(1307)
LII_1,103.51,5.53,126.45,-0.8655178850640602,14.340210379104846,0.03403235793477275,0.43185442044076083,27.85869482839406,_ProxyNode(1305)
LII_2,101.8,12.69,127.31,-0.8689140854386489,168.36246700288336,0.24066483088498206,9.236767845437715,27.275121115153368,_ProxyNode(1303)
LII_3,104.34,12.78,124.18,-0.8724075579078205,197.7921361938338,0.26399208755636294,10.23025537298643,27.415186405720558,_ProxyNode(1301)
LII_4,106.51,14.61,119.4,-0.8755784367153812,200.61148083813012,0.26701018217254996,10.374594169189447,27.37595677734011,_ProxyNode(1299)
LII_5,112.66,19.01,119.17,-0.8787871671460756,322.4521152459749,0.3021010775510249,11.804019668924028,27.669355820034493,_ProxyNode(1290)
LII_6,112.09,29.99,120.19,-0.8816537894378558,715.3008342722816,0.32937342625680427,12.696475344635033,29.33703434454046,_ProxyNode(1289)
LI_4,98.21,-7.51,128.9,-0.8623007676602806,34.03280943268483,0.0669304006083165,1.8578237961350652,27.58615794049139,_ProxyNode(1287)
LII_1,103.29,4.3,133.05,-0.8787361794173038,20.198318436285398,0.04345201393960199,0.8537833239327597,27.713568653882746,_ProxyNode(1285)
LII_2,102.53,3.72,126.67,-0.8794177143951253,20.011184072780548,0.04297977789222252,0.7928461998368235,27.85421056205053,_ProxyNode(1283)
LII_3,98.4,8.12,124.64,-0.8801462426778607,23.835899518972035,0.04929217950924007,1.0734261609638445,27.744577435907907,_ProxyNode(1281)
LII_4,102.57,10.82,118.9,-0.8807241185343149,17.964538587607702,0.03968227728298128,0.6722442100528632,27.70442349119272,_ProxyNode(1272)
LII_5,107.88,9.59,112.78,-0.8814422090849493,34.815356405912745,0.06745955256009965,1.9322201454113284,27.472694233780867,_ProxyNode(1271)
LII_6,98.4,14.32,108.57,-0.8818517024317317,43.00576862187553,0.08060439317657427,2.461626849233795,27.339270799597514,_ProxyNode(1269)
LI_5,99.42,11.2,138.89,-0.8784566304728292,40.507211345954964,0.07668751376477315,2.315220163274052,27.570999964191884,_ProxyNode(1267)
LII_1,99.62,-3.56,150.31,-0.8973107821048718,4.516613549051827,0.01798213435900959,-0.2589805573718742,27.846788892214242,_ProxyNode(1265)
LII_2,97.01,-4.9,152.06,-0.8985949256216845,4.328299401595004,0.01770203355287229,-0.2634002319485198,27.783988837501994,_ProxyNode(1263)
LII_3,92.45,-8.49,156.45,-0.8998193882510045,6.790050367349271,0.02142312386685462,-0.12370077762880172,27.70918045133783,_ProxyNode(1254)
LII_4,96.7,-9.8,157.76,-0.9012183587176583,48.58334766844203,0.08827577009614587,2.8609663967205528,27.260111259523693,_ProxyNode(1253)
LII_5,88.76,-13.13,162.6,-0.9022397443752006,19.648705623590207,0.04195576754367625,0.7949337133095646,27.459855289509512,_ProxyNode(1251)
LII_6,104.14,-12.45,164.13,-0.9039939918900898,93.32291376790559,0.15322266298103793,5.696192961634392,26.82059964600311,_ProxyNode(1249)
LI_6,105.43,-7.93,141.3,-0.8966585162315468,18.018798082650488,0.03938094098283773,0.6481283476213235,27.48644439797392,_ProxyNode(1247)
LII_1,96.29,-5.53,159.62,-0.9111927384195115,14.062002403592311,0.032702755938348496,0.38900015072757554,27.736143750814154,_ProxyNode(1245)
LII_2,93.01,-8.63,164.02,-0.9121663254073547,28.295552377153747,0.05561397472796388,1.467721537030986,27.63556952674452,_ProxyNode(1243)
LII_3,96.59,-10.34,163.28,-0.9130631058882785,13.31110015277662,0.03151448637859198,0.34605449935328636,27.628071710330012,_ProxyNode(1233)
LII_4,97.47,-14.77,165.95,-0.9141645119841348,86.33453846451924,0.14277249321890903,5.271760849916912,26.827704751476958,_ProxyNode(1232)
LII_5,89.78,-16.07,166.73,-0.9151296234155097,127.85817144149351,0.19499275332860783,7.609739370706205,26.37814932502961,_ProxyNode(1230)
LI_7,85.2,7.15,150.34,-0.9114444055217381,56.38129314212598,0.09953419935425281,3.387332296335746,27.144784807629513,_ProxyNode(1228)
LII_1,91.33,-2.86,162.19,-0.9198491713630073,12.240987844881811,0.029656048368631716,0.25454300940311825,27.76138103326155,_ProxyNode(1226)
LII_2,92.36,-9.82,160.6,-0.9202770138495973,14.132572969619748,0.03257465301755512,0.3510054138800278,27.618477654382595,_ProxyNode(1224)
LII_3,95.25,-12.09,154.01,-0.9207079398289322,27.34253736627724,0.05357534371429722,1.2862516790849305,27.44014447338674,_ProxyNode(1222)
LII_4,98.94,-15.76,150.48,-0.9212203668356751,69.76842352520006,0.1186615147931123,4.205644828616389,27.01884951764782,_ProxyNode(1212)
LII_5,89.33,-21.89,150.63,-0.9217518176205775,134.34104801591823,0.20173252991361323,7.909949540592784,26.645415952188703,_ProxyNode(1211)
LI_8,97.21,-3.06,159.93,-0.9208608517675931,66.18407294979382,0.11320642148923761,4.0134213233585285,27.158701796648714,_ProxyNode(1209)
LII_1,93.2,2.89,173.3,-0.9270981830866087,43.156000661463594,0.07809927470263225,2.4471038055911016,27.514044880911,_ProxyNode(1207)
LII_2,89.38,-3.73,173.93,-0.9277076150372261,42.15143089848362,0.07657474441597645,2.3630787557077966,27.371866940742265,_ProxyNode(1205)
LII_3,88.47,6.06,173.68,-0.9282688975387993,30.23272250959264,0.058000439005252535,1.5636520397942029,27.48133310814949,_ProxyNode(1203)
LII_4,81.15,-8.79,178.0,-0.9289621608328045,83.0898775160007,0.13648108697561936,5.048771898479092,27.04156751709367,_ProxyNode(1201)
LII_5,70.62,8.09,177.47,-0.929356742872169,41.615493756616694,0.07565405911806021,2.333883875236701,27.39674445370502,_ProxyNode(1191)
LI_9,84.39,7.89,168.64,-0.9272795777303737,39.72555200311304,0.07298117507347082,2.2448002780644956,27.2963702886407,_ProxyNode(1190)
LII_1,88.54,1.82,189.38,-0.9356620546687577,52.11678992113207,0.09102776571693988,3.0171412877033177,27.55861698598799,_ProxyNode(1188)
LII_2,93.3,3.39,188.08,-0.9381659646496059,98.1183683902444,0.15508396223401708,5.957292351931272,26.856451791063037,_ProxyNode(1186)
LII_3,92.86,4.14,190.59,-0.9407388213428458,151.1869710221038,0.21471252189365753,8.681367564971179,26.256395164967323,_ProxyNode(1184)
LII_4,88.76,10.36,198.06,-0.9431291788828667,340.43882168516717,0.29385843457429084,12.058777604759541,27.462648879122106,_ProxyNode(1176)
LII_5,89.28,9.73,199.49,-0.9455879363834798,885.1611069561783,0.3197714038116101,12.915698582453302,29.37060659771168,_ProxyNode(1175)
LI_10,100.82,-11.01,183.04,-0.9353062319754467,221.24064513670785,0.27460393784987097,11.21923028316218,26.857593549493636,_ProxyNode(1173)
LI_1,-33.35,3.94,99.84,-0.801327935137595,39.41948302586901,0.0783324339377151,2.185522436686142,27.806114705346204,_ProxyNode(1167)
LII_1,-28.54,3.85,108.22,-0.841957601705277,45.27321586448513,0.08611523733341342,2.5874823158326734,27.769611686340067,_ProxyNode(1165)
LII_2,-29.07,8.49,110.04,-0.8421857136209296,108.68084693877377,0.18064200987853538,6.524987539640673,27.34631221609697,_ProxyNode(1164)
LI_2,-31.55,-6.91,107.22,-0.8417714094934052,52.38619619429064,0.09778268991501637,3.06163623949271,27.543959163796245,_ProxyNode(1162)
LII_1,-32.17,-5.79,115.44,-0.8910707095037643,52.41446289666413,0.09460059918749174,3.0540302720620858,27.572723787807814,_ProxyNode(1160)
LII_2,-31.77,-11.04,116.3,-0.891782639177735,40.550037264898236,0.07590249844743312,2.2523741076022397,27.664159288596867,_ProxyNode(1158)
LII_3,-29.59,-17.0,120.46,-0.8925464154280858,131.27982023579312,0.20240563660050928,7.718199325909065,27.109328236246267,_ProxyNode(1156)
LII_4,-30.05,-14.36,113.99,-0.8931252253777169,112.81211331824004,0.17992832541250658,6.738548046460018,27.27735427266709,_ProxyNode(1147)
LI_3,-28.94,4.98,113.06,-0.8905266071415738,96.97561422128419,0.15914874777340518,5.870130873951108,27.220232869109616,_ProxyNode(1146)
LII_1,-33.88,-1.59,118.5,-0.9349524756273404,51.49118220489495,0.08997176087962787,2.9804993567610296,27.796798190611817,_ProxyNode(1144)
LII_2,-33.67,-4.49,113.54,-0.9371092039065132,61.980980236769554,0.10540666260651749,3.6777434854640916,27.577403217237535,_ProxyNode(1142)
LII_3,-33.76,6.04,109.27,-0.9392293668468489,62.12601450737304,0.1054290923737462,3.6889154927334715,27.580782661556768,_ProxyNode(1140)
LII_4,-30.86,-6.76,103.75,-0.9413165332015205,89.4193801598064,0.143302974633272,5.382696575096034,27.38158659408924,_ProxyNode(1138)
LII_5,-26.2,7.33,100.83,-0.9433626399883213,164.86135771457083,0.22691577318661935,9.148739071373374,27.31396181686995,_ProxyNode(1129)
LII_6,-33.5,-6.47,92.52,-0.9445672839633388,115.54505203787356,0.17565976753418738,6.818035131086887,27.640739080053102,_ProxyNode(1128)
LI_4,-29.93,-10.36,119.22,-0.9331819098455008,101.12260580482896,0.15977300123888583,6.078626969611438,27.22931859366822,_ProxyNode(1126)
LII_1,-30.83,0.93,131.74,-0.9710479486000972,58.4873978180381,0.0975231446476401,3.465924408196379,27.571807916740905,_ProxyNode(1124)
LII_2,-31.41,-6.24,135.43,-0.9731256505954344,38.80451066877344,0.06867630810835827,2.1192417259875604,27.75654907741129,_ProxyNode(1122)
LII_3,-36.91,-3.38,135.94,-0.9751265008516385,25.152633538766125,0.048234933223724144,1.2026644676619398,27.657453765417443,_ProxyNode(1120)
LII_4,-35.23,-8.89,138.6,-0.9772308529732974,63.81441695810442,0.10479750210101504,3.825210811466061,27.19748409254422,_ProxyNode(1111)
LII_5,-38.02,-9.34,142.56,-0.9788447468386059,20.56498731745162,0.041197069239748974,0.8681601590790642,27.516257061832505,_ProxyNode(1110)
LII_6,-42.66,-15.6,145.74,-0.9813650808979247,155.86810023862063,0.2130316033264771,8.871713108107816,26.567714959085723,_ProxyNode(1108)
LI_5,-32.99,12.6,126.16,-0.9697055931805314,69.87683604358794,0.11362317052788368,4.197309043481262,27.446471185189974,_ProxyNode(1106)
LII_1,-22.81,-4.14,136.12,-1.00205462205432,66.07667982811735,0.10520441990661861,3.888787426276025,27.66401200234766,_ProxyNode(1104)
LII_2,-20.68,-5.6,134.5,-1.0049247879279326,52.94575295075209,0.0868908378642406,3.0596934348915887,27.70811329400256,_ProxyNode(1102)
LII_3,-16.72,-7.1,131.62,-1.0078693216942973,102.8373634247839,0.15155246899777997,6.159145530800426,27.085716449572217,_ProxyNode(1093)
LII_4,-9.43,-5.5,129.78,-1.0104954705536486,76.37946869418388,0.11805469861127556,4.589316678935514,27.397462647946142,_ProxyNode(1092)
LII_5,-14.49,-13.39,128.9,-1.013350280840879,172.80889480741783,0.22184288391154758,9.53157659691751,26.86116227587334,_ProxyNode(1090)
LII_6,-3.12,-11.49,128.29,-1.015725022078462,255.49215174928779,0.2740876847213871,11.953811264863731,27.41961270443287,_ProxyNode(1088)
LI_6,-24.13,-6.53,127.48,-1.001057620254517,123.7529358182449,0.17636402167957177,7.280129745296321,27.07344464314452,_ProxyNode(1086)
LII_1,-28.15,5.03,143.52,-1.0276601438720787,234.21557505622684,0.25127584851887486,11.059384576695678,27.47256239539619,_ProxyNode(1084)
LII_2,-35.8,8.37,142.01,-1.0292402311976079,19.061039409118347,0.03740764441590885,0.762111096527935,27.792207709373873,_ProxyNode(1082)
LII_3,-32.5,14.85,141.65,-1.03100559938781,244.36719336519647,0.2554190963115746,11.301643855162581,27.25553814765581,_ProxyNode(1072)
LII_4,-38.55,15.64,139.07,-1.0322931476691082,53.94325475002051,0.08631637693149963,3.1952647159576664,27.38387022908626,_ProxyNode(1071)
LII_5,-42.12,20.65,136.13,-1.0341640884472412,628.819609570525,0.2791296759245167,12.178041588613596,29.15137263704253,_ProxyNode(1069)
LI_7,-34.69,12.47,138.77,-1.029148191829457,297.71033714344026,0.2592864642241216,11.422832982461017,27.570185432920333,_ProxyNode(1067)
LII_1,-24.61,-4.87,157.78,-1.0540705774044077,36.998037932567684,0.06138546397097854,1.9660574407203093,27.83851682204829,_ProxyNode(1065)
LII_2,-23.47,-4.35,158.82,-1.0561085350315937,42.110959857516725,0.06841950462586781,2.3563123722276273,27.59662329153592,_ProxyNode(1063)
LII_3,-24.34,-6.39,161.59,-1.0582703222818337,334.9994472788121,0.25809832869155475,11.656845967157253,27.827391565636034,_ProxyNode(1061)
LII_4,-15.62,5.9,159.1,-1.060202485110115,677.5936740727814,0.27461455813660735,12.28363215216406,29.08998317970999,_ProxyNode(1051)
LII_5,-11.33,-10.16,159.92,-1.061549492925378,242.88518787538433,0.2571240221627778,11.791542234806268,26.44999066621799,_ProxyNode(1050)
LI_8,-24.32,-9.44,147.19,-1.0538748552474744,138.56039702477756,0.18209590125457797,8.004481243560907,26.701014273760354,_ProxyNode(1048)
LII_1,-27.09,6.38,166.95,-1.0709465783431225,130.437335079911,0.17057648725105212,7.556114475590007,27.049225047017863,_ProxyNode(1046)
LII_2,-26.04,7.85,166.95,-1.073246365157154,119.8270884000677,0.15914211739744072,7.033802533603069,26.906982992462204,_ProxyNode(1044)
LII_3,-26.05,16.19,170.55,-1.0754039207907102,226.29850982454218,0.24240510211403787,11.159503105989327,27.25752187872907,_ProxyNode(1042)
LII_4,-34.23,15.56,170.63,-1.077587572420173,259.0458687126228,0.24489642034294895,11.325423387140447,27.20847754144502,_ProxyNode(1040)
LII_5,-25.59,22.64,169.47,-1.0794151785908903,792.2132693857128,0.27283250913691354,12.425528458963726,29.145789329456473,_ProxyNode(1030)
LI_9,-25.0,16.03,165.61,-1.0707561957319767,188.6265249828479,0.21867073632428358,9.960857814528495,27.021055033524117,_ProxyNode(1029)
LII_1,-23.74,-3.92,171.74,-1.079320935576018,350.0282745897257,0.25576700123952467,11.79865213187729,27.735936163246876,_ProxyNode(1027)
LII_2,-23.41,3.62,165.86,-1.0805760013928674,343.85231425440264,0.25130770630790267,11.642725786408235,27.379013716812267,_ProxyNode(1025)
LII_3,-24.36,-5.43,161.52,-1.0817364845957038,176.09903601724199,0.2070730846946602,9.51424944983691,26.816236641607762,_ProxyNode(1023)
LII_4,-20.01,6.22,156.64,-1.0828163906405186,221.08626930735585,0.23507033195110388,10.924029792269526,26.994676823421713,_ProxyNode(1015)
LII_5,-14.62,-10.58,158.38,-1.0834835306409918,160.5506787093658,0.19429307404455012,8.851778569135078,27.244324922606953,_ProxyNode(1014)
LI_10,-25.06,-16.23,172.84,-1.0804888550903073,585.6129682013068,0.2691881727657582,12.389323623038848,28.165606900157968,_ProxyNode(1012)
LI_1,-37.42,-1.44,102.89,-0.7852149605374592,45.333218104649795,0.0891024487217623,2.56147839619171,27.677713206366022,_ProxyNode(1006)
LII_1,-37.11,-4.36,114.2,-0.8057164835115734,67.48623150643286,0.1243819172660321,4.045611081689042,27.447333685663473,_ProxyNode(1004)
LII_2,-35.55,3.12,113.1,-0.8059693489441824,46.60633659765711,0.0901862784503085,2.634367260325579,27.696482493188952,_ProxyNode(1003)
LI_2,-34.75,4.5,110.45,-0.8055301933244374,45.01551587887338,0.08756838186816152,2.5484301745554845,27.725408360159246,_ProxyNode(1001)
LII_1,-42.79,-3.76,118.12,-0.8274845852195392,20.98919695507763,0.04591923246731275,0.8710754573012416,27.97278696079323,_ProxyNode(999)
LII_2,-46.72,-4.73,114.78,-0.827959476728297,71.29667679847276,0.12870132527986783,4.308812022626071,27.32981112246313,_ProxyNode(997)
LII_3,-49.55,-6.8,114.86,-0.8283957798646014,117.11689646025582,0.19232529822181532,6.95606869977297,27.518448802202908,_ProxyNode(995)
LII_4,-53.6,-8.48,109.8,-0.8286579729665864,80.62249247468793,0.14274788876846525,4.871476397410433,27.425439112787096,_ProxyNode(986)
LI_3,-41.32,-5.3,116.42,-0.827118674800978,80.43746628593323,0.14246201266762784,4.874661100306742,27.430832716332233,_ProxyNode(985)
LII_1,-39.73,-3.41,133.3,-0.8570761423913145,21.6088613539261,0.0461724874450882,0.8849254994166955,27.831722426092945,_ProxyNode(983)
LII_2,-41.88,4.94,134.94,-0.8597382027782859,22.26594965524094,0.047367372536107115,0.9883201529051995,27.709406403562653,_ProxyNode(981)
LII_3,-38.75,-6.7,140.06,-0.8623940615154002,7.626594334575454,0.023108899027455304,-0.04551861680641167,27.77004117946802,_ProxyNode(979)
LII_4,-43.09,9.98,141.1,-0.8650309406977995,31.681234602294776,0.063062560881187,1.6918471591482636,27.3277331408571,_ProxyNode(977)
LII_5,-38.95,-5.82,142.99,-0.8676053387684923,23.322036825996523,0.04896029536881141,1.0537588905016015,27.440004982598573,_ProxyNode(968)
LII_6,-37.91,15.13,147.95,-0.8712986165277399,509.01205758851586,0.3152019055967077,12.196032502947702,28.212046383769312,_ProxyNode(967)
LI_4,-35.49,7.5,127.54,-0.8546080000101713,20.128306146062016,0.04374788910943488,0.7869904840097526,27.946216469774416,_ProxyNode(965)
LII_1,-47.42,-3.87,140.06,-0.8756880467638021,8.14739983582298,0.023788307566187966,-0.02057544320621929,27.82485250933738,_ProxyNode(963)
LII_2,-48.34,-4.74,139.5,-0.8771641283574502,10.576578180946905,0.027642898113726624,0.1283522600618987,27.76108342198335,_ProxyNode(961)
LII_3,-57.78,-6.92,144.64,-0.8785499421300491,3.756328052186499,0.016920838143515155,-0.3295966277290958,27.750519158470745,_ProxyNode(959)
LII_4,-52.82,-12.99,143.25,-0.8801042539288243,50.74364084940764,0.09307303594775529,2.9651219222780583,27.13046426110492,_ProxyNode(950)
LII_5,-59.44,-7.71,140.96,-0.8811878536688472,8.704466286172831,0.02463165272069923,0.013702323454783283,27.630596111854196,_ProxyNode(949)
LII_6,-63.86,-16.37,143.07,-0.8830601859193115,99.52202513856975,0.16439115068276858,6.083194340484365,26.586097529863295,_ProxyNode(947)
LI_5,-46.06,-2.6,130.4,-0.8745352984525686,31.092841160912815,0.061561317937547315,1.6196544953104812,27.525230845360113,_ProxyNode(945)
LII_1,-43.05,3.17,144.61,-0.8978300962328658,10.17972323383783,0.02680919939040324,0.15224660338175156,27.788878920059442,_ProxyNode(943)
LII_2,-43.26,9.71,145.43,-0.8999239480075398,12.875651430981579,0.03106772323148368,0.33509839621278914,27.76972185325824,_ProxyNode(941)
LII_3,-40.25,7.11,136.02,-0.9019835792602902,15.488977649494158,0.035233172372236575,0.5156656376797564,27.67656258654371,_ProxyNode(932)
LII_4,-38.78,13.84,133.19,-0.9041357948007771,57.90666131365181,0.10219826211422026,3.4823240779941784,27.330045701957662,_ProxyNode(931)
LII_5,-35.25,15.5,132.38,-0.9060439741402354,48.1713072685436,0.08730210404929287,2.8149199009201986,27.283827520325765,_ProxyNode(929)
LII_6,-46.0,16.63,125.44,-0.9087182334508992,313.5055925539491,0.2943262623846558,11.732633100185382,27.769956284253553,_ProxyNode(927)
LI_6,-33.95,-4.19,141.7,-0.896939449511172,53.94871148745326,0.09700028958556924,3.2101619099022187,27.043944048544134,_ProxyNode(925)
LII_1,-44.63,-4.7,151.89,-0.9076595595871859,52.34864246625667,0.09353221276209066,3.0593559488633737,27.356624876859385,_ProxyNode(923)
LII_2,-47.14,-7.39,147.29,-0.9084291435060745,25.661804912020607,0.051312825054158684,1.172553761696875,27.555561729837308,_ProxyNode(921)
LII_3,-50.07,-8.42,143.1,-0.9090807381854444,14.030897310199265,0.03269364216343542,0.37225283284412924,27.578723563698986,_ProxyNode(911)
LII_4,-44.15,-15.8,141.93,-0.9099630328577791,58.749999711398075,0.10326607883640547,3.486650373258044,27.122769632227154,_ProxyNode(910)
LII_5,-49.25,-14.32,135.82,-0.910483658254756,44.46149550995276,0.08121442219003744,2.5071785252029315,27.248133053305352,_ProxyNode(908)
LII_6,-52.61,-15.84,131.51,-0.9114886580894419,90.86569580168597,0.149045228103275,5.50549242680151,27.123041299260155,_ProxyNode(906)
LI_7,-47.17,-8.47,150.08,-0.9076029012282155,33.17776297975849,0.06357225484514094,1.745916807398988,27.321505289185495,_ProxyNode(904)
LII_1,-47.21,-1.08,167.37,-0.9206338384930828,48.35934116496298,0.08648374077420773,2.798339419404954,27.47473941510017,_ProxyNode(902)
LII_2,-46.36,-4.9,170.58,-0.922029077015829,71.2949196879022,0.12032071396802949,4.3451551480242685,27.171118891229494,_ProxyNode(900)
LII_3,-53.47,-2.22,170.89,-0.9232680980244208,31.517363442450467,0.06030573135410894,1.7033943229276574,27.557583911266136,_ProxyNode(890)
LII_4,-46.27,-7.06,175.0,-0.924734306161785,104.55135826423614,0.16492536372564068,6.319757720236275,26.87957188723649,_ProxyNode(889)
LII_5,-57.52,-6.6,175.53,-0.9257049846401815,92.40292089629399,0.1493597603263659,5.622253056754978,26.926247234710928,_ProxyNode(887)
LI_8,-39.92,-8.21,160.8,-0.9214937263369753,156.47398823081986,0.22440215916555012,8.933063844737408,26.46849551633128,_ProxyNode(885)
LII_1,-41.72,5.37,178.03,-0.929481852648167,130.8553130870661,0.19522759185731364,7.639521877867921,27.329985089745932,_ProxyNode(883)
LII_2,-46.72,9.4,176.64,-0.9310596177184687,122.04541434723595,0.18524759831509938,7.232035667317554,27.032334056917993,_ProxyNode(881)
LII_3,-38.88,11.63,176.85,-0.9327316663204184,470.5508884258877,0.30244416630089593,12.219281658255554,28.28817007734637,_ProxyNode(879)
LII_4,-37.91,17.91,175.99,-0.9342060447435583,669.3323431964474,0.3114474565515748,12.552203968789641,28.682586552653536,_ProxyNode(869)
LII_5,-25.61,12.61,177.37,-0.9356629252743892,637.8876404460414,0.3102072800644431,12.56248548736285,28.300419772628317,_ProxyNode(868)
LI_9,-50.13,9.0,171.53,-0.9291113371141964,85.20353820351262,0.13901133266393867,5.206424919558376,26.953596992069013,_ProxyNode(866)
LII_1,-50.26,-3.18,177.93,-0.9314736060859823,100.80207797909522,0.15764404809372112,6.04218582668376,27.473374944597044,_ProxyNode(864)
LII_2,-49.96,-9.71,176.85,-0.9320213147350489,126.27729981550799,0.18654789180538345,7.338544262558898,27.374046910257846,_ProxyNode(862)
LII_3,-49.96,-8.24,172.1,-0.932416042984592,16.77415506786585,0.03660216682501101,0.5968387254833694,27.555400130093094,_ProxyNode(854)
LII_4,-53.49,-11.49,165.9,-0.9330204963063677,112.03995334158928,0.17368523665257019,6.767906150362911,26.49279283468928,_ProxyNode(853)
LII_5,-58.01,-11.71,162.25,-0.9332492566573756,65.51205899132748,0.11150411399876324,3.962121002201556,26.868301535646943,_ProxyNode(851)
LI_10,-39.25,-9.27,179.46,-0.9332728599831028,383.7011515695196,0.29666756113654924,12.119138230116732,27.125618752133803,_ProxyNode(845)
LI_1,-69.4,3.5,97.79,-0.7907878683355329,41.46266611729645,0.08224570663841993,2.3350467969579967,27.838828850962564,_ProxyNode(843)
LII_1,-72.48,-2.55,110.79,-0.823828103864046,13.295575098050087,0.03296296215664424,0.3461262936222447,27.850157425899866,_ProxyNode(842)
LII_2,-72.51,-7.94,112.19,-0.8240054827339333,50.271447511415026,0.09559524565676797,2.942364647882247,27.33907141048556,_ProxyNode(840)
LI_2,-66.39,-6.35,107.45,-0.8236553741055668,46.45842761882099,0.0892907479196986,2.68229346886719,27.425812754859855,_ProxyNode(838)
LII_1,-63.74,-6.34,117.94,-0.8535598267717563,46.848531240236184,0.08820014217204884,2.715176495277859,27.547475048721232,_ProxyNode(836)
LII_2,-62.5,-10.96,115.97,-0.853915532933722,55.719580778130954,0.10249228019002826,3.3203265317371624,27.31686588031709,_ProxyNode(834)
LII_3,-59.7,-12.89,116.16,-0.8541961087104828,34.74669439597387,0.0682954567490568,1.8653363643389085,27.730208321886337,_ProxyNode(825)
LII_4,-57.54,-18.55,112.62,-0.8545614916398583,86.78626150350686,0.14917772155140427,5.300231442311155,27.11025309088696,_ProxyNode(824)
LI_3,-60.86,5.56,116.89,-0.853307088190921,56.144399823788845,0.10326136226766994,3.373278721157895,27.22683856194717,_ProxyNode(822)
LII_1,-64.41,3.7,121.46,-0.874980699579401,21.155231336565468,0.045114140639079175,0.9182513367922986,27.7408887027154,_ProxyNode(820)
LII_2,-69.21,6.99,117.43,-0.8768201514529466,7.968057536883483,0.023526283970377506,-0.009642693420168769,27.80793271846094,_ProxyNode(818)
LII_3,-66.5,11.51,114.11,-0.878610192442105,64.70089356134153,0.114433253441374,3.946353527044117,27.205796253194357,_ProxyNode(816)
LII_4,-72.25,15.48,113.48,-0.8804294482609217,44.93153562541488,0.0837733570433068,2.618231906314783,27.33903319992754,_ProxyNode(807)
LII_5,-66.6,17.05,105.79,-0.8820516631213338,86.45170839215224,0.14571454966792843,5.278091405037049,27.109071605156494,_ProxyNode(806)
LII_6,-74.54,20.24,104.37,-0.8837915971357658,131.5269130303468,0.20147447226903004,7.662172133697638,27.319288830586608,_ProxyNode(804)
LI_4,-68.1,-11.67,123.88,-0.8733087379921756,16.134711449933217,0.03679308324992066,0.5289438910311368,27.778714927792233,_ProxyNode(802)
LII_1,-65.52,-6.47,131.62,-0.8956973649068526,7.213055132478449,0.022068171772910983,-0.11528798846431343,27.941741120483126,_ProxyNode(800)
LII_2,-66.46,-10.88,130.28,-0.8979232091294318,15.110246931624907,0.03459384532885466,0.450262571534644,27.848709293895116,_ProxyNode(798)
LII_3,-64.04,-15.97,128.08,-0.900175508991071,39.08057908374297,0.07310410855788432,2.1045809132572835,27.52981714649482,_ProxyNode(789)
LII_4,-55.63,-14.75,125.43,-0.9024163591951468,91.39272242543568,0.15057663455455883,5.54099185204608,27.180530431197468,_ProxyNode(788)
LII_5,-66.77,-26.28,124.85,-0.9044221261377627,77.44765823026196,0.13107339906553997,4.69132967646668,27.18757972272452,_ProxyNode(786)
LII_6,-62.28,-32.04,125.47,-0.9065326097654633,183.8534308764812,0.25437136668741633,10.073261631754196,26.78819814222657,_ProxyNode(784)
LI_5,-70.69,12.26,130.67,-0.895147939636671,436.1016167459549,0.3048532227400548,11.984576197308357,28.240758801989177,_ProxyNode(782)
LII_1,-67.82,-3.15,140.45,-0.9128052716870495,12.443139080834841,0.030114699955708774,0.29279832602929545,27.904935009537084,_ProxyNode(780)
LII_2,-71.63,-3.68,137.11,-0.9133719487928458,11.85908594447434,0.029186853849247543,0.24305490551492426,27.790614179298753,_ProxyNode(771)
LII_3,-71.97,-6.56,138.96,-0.9140391385172396,8.129253037056039,0.023368676783352207,-0.014570273784009657,27.729923767370792,_ProxyNode(770)
LII_4,-77.03,-10.53,133.38,-0.9145135874378347,17.84852027432008,0.03861553854993026,0.6249152245246243,27.626768896766848,_ProxyNode(768)
LII_5,-78.79,-8.13,134.12,-0.9152588193681516,30.16215930053549,0.05853704462775736,1.6173489750139183,27.530635430144564,_ProxyNode(766)
LII_6,-77.09,-12.49,129.58,-0.915403311380997,26.839367474474418,0.05298737710772207,1.2800672617638291,27.61026031404931,_ProxyNode(764)
LI_6,-64.35,-13.17,135.01,-0.9132025413955782,47.18915903726814,0.08535638233200654,2.716259848586244,27.189283809885993,_ProxyNode(762)
LII_1,-59.74,3.69,156.84,-0.9328681915785277,15.796049697653467,0.035033689295322794,0.5301470142227878,27.698634209023503,_ProxyNode(760)
LII_2,-64.11,5.01,157.87,-0.9339718640578689,31.12904415387334,0.05916292372672647,1.6315429239031118,27.50112110307099,_ProxyNode(750)
LII_3,-63.77,7.17,161.88,-0.9349954292911278,12.940392379886708,0.03056299426240816,0.3395301449475774,27.661767261008414,_ProxyNode(749)
LII_4,-65.27,10.99,164.95,-0.9361515735525143,59.709608056163916,0.10242506349865375,3.606539669724949,27.2084713494971,_ProxyNode(747)
LII_5,-56.33,9.95,165.06,-0.9370527095668311,64.82274340462037,0.10979348497664393,3.942357079515446,27.10825671886061,_ProxyNode(745)
LI_7,-64.51,9.53,144.45,-0.9342542093607413,151.47066799985774,0.2141349620948367,8.562262531985173,27.067134909045343,_ProxyNode(743)
LII_1,-62.82,6.37,162.57,-0.9512312743379141,12.273783305235108,0.02922446959190908,0.2900647786102155,27.758378446615925,_ProxyNode(741)
LII_2,-58.04,10.79,161.5,-0.9533812979783773,53.51311369932282,0.09185925564062479,3.1722201415508344,27.471511314903346,_ProxyNode(739)
LII_3,-57.78,15.65,159.3,-0.9555876326416022,252.14282121322822,0.2762243088481347,11.454702958080205,27.321578370103502,_ProxyNode(729)
LII_4,-61.61,20.55,156.65,-0.9575922740681007,491.0094583341863,0.2935857995254035,12.09840650667114,28.243920139910795,_ProxyNode(728)
LII_5,-54.31,24.37,155.64,-0.9593456754149299,749.7893637113095,0.30758380992289996,12.592359678455693,29.098370805044347,_ProxyNode(726)
LI_8,-69.15,-12.62,161.52,-0.9498259404124342,32.0190399255321,0.05977365768728822,1.6558163620656465,27.43207345095108,_ProxyNode(724)
LII_1,-62.66,-5.61,171.96,-0.962784074273094,99.74108215777615,0.15446817207609853,6.002649296847526,27.04213496869959,_ProxyNode(722)
LII_2,-62.99,-10.34,169.38,-0.9643445004010167,71.8994157186117,0.11728051883106938,4.2961444768635,27.26659115487484,_ProxyNode(720)
LII_3,-69.95,-11.22,166.53,-0.9659793118710311,211.10698037880596,0.26165060169558646,10.913994866952443,26.966603825328313,_ProxyNode(718)
LII_4,-66.57,-17.96,163.57,-0.9673112272701798,196.0927795639755,0.25005706899358066,10.424274212489266,26.768311633372207,_ProxyNode(708)
LII_5,-69.21,-22.17,163.52,-0.9685297848598944,293.116638721276,0.28940615880443515,12.193652366927182,26.79382058311281,_ProxyNode(707)
LI_9,-59.77,13.24,168.71,-0.9637744171634082,368.72186149062054,0.2832999594778088,11.81800189369909,27.437965497978908,_ProxyNode(705)
LII_1,-58.48,6.33,184.39,-0.968690951809803,219.11956393239035,0.2641202361915737,11.033375064975608,27.31784077539049,_ProxyNode(703)
LII_2,-58.87,9.57,185.17,-0.97101551034136,186.03337540149238,0.23925516124524793,9.956814289845358,27.097129562868105,_ProxyNode(701)
LII_3,-54.42,14.51,186.81,-0.9731294264984269,222.82711572179858,0.26742722033918925,11.232207535225267,27.134417272686655,_ProxyNode(693)
LII_4,-56.81,11.78,185.93,-0.9754525277753167,531.2713402266539,0.2907509977720177,12.21685853036142,27.733925159677582,_ProxyNode(692)
LII_5,-48.98,17.81,183.88,-0.9768352407002847,605.8710848495489,0.2931169328282428,12.306145260479681,27.95368660220295,_ProxyNode(690)
LI_10,-51.61,-14.73,180.97,-0.9688859961494156,520.9944136072118,0.30012155146426117,12.512623574866083,28.013136756665222,_ProxyNode(684)
LI_1,-62.56,3.07,103.91,-0.7896870590865354,59.85096670805722,0.11307666744166725,3.5993185581597835,27.495341071423454,_ProxyNode(682)
LII_1,-70.44,1.27,116.98,-0.810021727790878,13.279629984824599,0.03317553912174034,0.35425824195229794,27.79177208679441,_ProxyNode(681)
LII_2,-69.18,-4.63,116.5,-0.81024406041897,33.49547658839636,0.06811421244178971,1.8031632473236066,27.521264804906338,_ProxyNode(679)
LI_2,-64.71,2.63,112.69,-0.8098401873554782,32.74559817629296,0.06688395560412334,1.7597817290332998,27.48801982743696,_ProxyNode(677)
LII_1,-67.43,6.67,127.18,-0.8290634238402933,26.659220779372134,0.055759831044937515,1.318458991998451,27.621140475496272,_ProxyNode(675)
LII_2,-74.06,4.07,126.55,-0.8299557715489194,20.203142076262775,0.044707062866616354,0.8589862658800911,27.673916226845485,_ProxyNode(673)
LII_3,-68.76,12.21,127.29,-0.830893428873661,89.3445650940834,0.15459090629855846,5.456326972182211,27.220953583320416,_ProxyNode(664)
LII_4,-71.57,12.51,127.95,-0.8317897015235485,243.4003561766689,0.3041977128840539,11.572846118583087,27.28238528467836,_ProxyNode(663)
LI_3,-59.25,6.94,124.69,-0.8282691613962844,56.53761109868951,0.10533101815034585,3.3494740176650097,27.496798124362325,_ProxyNode(661)
LII_1,-60.62,1.81,131.48,-0.8440259144715365,22.73824359353293,0.048616620566171526,1.0301897753679548,27.708601157520725,_ProxyNode(659)
LII_2,-68.54,5.91,127.18,-0.844159776757776,16.421108577945347,0.0379391298415514,0.5824982887335075,27.762298122834586,_ProxyNode(657)
LII_3,-67.9,9.26,121.51,-0.8443051865188066,40.26140311546137,0.07799596992165891,2.2709586018536534,27.513479783190682,_ProxyNode(655)
LII_4,-68.65,4.96,114.77,-0.8443624259897278,13.613067181689535,0.033228589802864326,0.38238774997942215,27.67857776061887,_ProxyNode(646)
LII_5,-67.19,9.94,109.74,-0.8446514120461919,56.343176460683054,0.103977802672021,3.3995323835330282,27.37026694448307,_ProxyNode(645)
LII_6,-71.81,10.1,108.52,-0.8443534941833766,15.571635452430556,0.03645413648119666,0.5084505904643741,27.863724263782515,_ProxyNode(643)
LI_4,-66.74,-6.74,130.29,-0.8440128139627237,12.431238112303026,0.031122613441421334,0.239832785413288,27.793657791235262,_ProxyNode(641)
LII_1,-63.76,-4.68,146.37,-0.8630745645431395,7.590050564308681,0.023052933018798197,-0.03886114898811854,27.80450150587928,_ProxyNode(639)
LII_2,-63.72,-6.38,147.54,-0.8649902199850021,8.924415800368815,0.025163000881317052,0.03352368064452449,27.72461538393285,_ProxyNode(637)
LII_3,-70.4,-10.67,150.37,-0.866823342659959,16.10472003079433,0.03690938828087289,0.5223647001822833,27.585326468352516,_ProxyNode(628)
LII_4,-59.77,-13.89,153.68,-0.8688037643614113,47.88537396039424,0.08926723168891511,2.8022423599422197,27.15088556088199,_ProxyNode(627)
LII_5,-77.48,-16.48,157.27,-0.8704129094615142,29.687101865752524,0.05948901027323805,1.534911685171835,27.41514744978699,_ProxyNode(625)
LII_6,-71.09,-18.96,156.19,-0.8726014536964161,116.04438855063508,0.1864211620539329,6.970570521915214,26.802092973574872,_ProxyNode(623)
LI_5,-62.0,7.71,139.55,-0.8619208788104322,77.20955800733599,0.13456356186801768,4.736949320989741,27.044985565429773,_ProxyNode(621)
LII_1,-62.88,-2.87,154.85,-0.8745989962990806,7.943864109260791,0.023493314392391326,-0.017151568724099064,27.889300414227584,_ProxyNode(619)
LII_2,-54.84,4.14,155.69,-0.8759444974881504,14.976111891266564,0.03488655318017649,0.4710461408702038,27.780841690764753,_ProxyNode(610)
LII_3,-56.38,-6.83,157.23,-0.8772362243910709,6.097129329216047,0.020484696467824273,-0.21471709187161636,27.7088758184313,_ProxyNode(609)
LII_4,-49.62,6.8,158.01,-0.8787118378416858,70.56759600518433,0.12312442828316361,4.305305086571593,27.24628625445725,_ProxyNode(607)
LII_5,-45.5,-12.22,161.73,-0.880058933460066,107.20289492250795,0.17468481512149522,6.508457178935199,26.657623031356085,_ProxyNode(605)
LII_6,-43.12,7.76,159.75,-0.8818003718560989,185.8307284153976,0.2564313867213432,10.031029527880445,26.60984224916151,_ProxyNode(603)
LI_6,-70.25,6.72,146.46,-0.8737976902074268,13.589730280634022,0.03275883469620238,0.4064672329359382,27.564422603789538,_ProxyNode(601)
LII_1,-61.95,2.4,162.1,-0.8834494342532802,2.461421642201022,0.014985067975096127,-0.37900669139902377,27.85608784058138,_ProxyNode(599)
LII_2,-63.27,-5.0,165.8,-0.885051612236404,4.7107147808433485,0.018366683108235995,-0.23242912403875238,27.77406748910829,_ProxyNode(589)
LII_3,-65.4,7.1,167.74,-0.8866732979412925,5.3656249750011416,0.01935578745578459,-0.19778264050965433,27.72368527941227,_ProxyNode(588)
LII_4,-66.42,-5.09,169.02,-0.8883824081551803,85.26193085467003,0.14421848694260397,5.212018327175464,26.796672353637824,_ProxyNode(586)
LII_5,-67.94,9.09,170.69,-0.8902018654162358,242.42592243400458,0.2929706071548806,11.598588776573038,27.061495938033715,_ProxyNode(584)
LI_7,-51.52,-10.71,155.08,-0.8827141264133196,41.61333363821143,0.07840483701821466,2.3360696864886314,27.123955670432547,_ProxyNode(582)
LII_1,-59.8,4.19,166.23,-0.8891991937606194,9.73778510060187,0.026092394781737128,0.044730874436307744,27.822254047979214,_ProxyNode(580)
LII_2,-54.94,6.8,161.19,-0.8897978922801654,12.048939682875297,0.029915731002128593,0.2730314095117592,27.681590317491235,_ProxyNode(578)
LII_3,-52.15,5.72,157.17,-0.8904015999236539,9.283713383976451,0.02545805903608507,0.07089056298003982,27.742916700190634,_ProxyNode(568)
LII_4,-49.56,12.79,156.27,-0.8912089709850806,235.0724294588455,0.28556477407454744,11.289677670112042,27.258477422589188,_ProxyNode(567)
LII_5,-47.0,8.15,149.85,-0.8911282322556848,32.23152828997982,0.06284346185945625,1.716348567786632,27.351480375204268,_ProxyNode(565)
LI_8,-71.69,-5.49,162.56,-0.8897433773586043,48.14056832963908,0.08828217381269321,2.7917727361985136,27.261321827345128,_ProxyNode(563)
LII_1,-59.98,-3.36,173.67,-0.8956398840792097,20.235410823453847,0.0430449387102837,0.8415988012540971,27.652185292046795,_ProxyNode(561)
LII_2,-59.41,-6.71,170.6,-0.8957481807883576,24.257866940706187,0.04936865995965039,1.0349566473918586,27.58910205885209,_ProxyNode(559)
LII_3,-66.14,-5.77,165.88,-0.8957950988806712,4.340372180995361,0.017717330192935105,-0.2875953493760335,27.722345205677374,_ProxyNode(557)
LII_4,-65.18,-12.62,163.72,-0.8960102186976329,53.403869240083246,0.09598699970251903,3.166212247269584,27.333659546314887,_ProxyNode(547)
LII_5,-66.84,-9.92,159.62,-0.8957099565846119,10.83570630359988,0.027855002325529843,0.16652294996819705,27.602280343836824,_ProxyNode(546)
LI_9,-52.76,-6.69,169.96,-0.8966273690132206,69.83046418081871,0.1206131720287696,4.260517818270543,27.136216015635483,_ProxyNode(544)
LII_1,-51.41,-2.38,189.21,-0.9031489393281831,325.7932276057182,0.30589986747725667,12.212444044137499,27.206245503019076,_ProxyNode(542)
LII_2,-52.27,-5.44,190.64,-0.9045310145461173,464.14225695031513,0.3145366151292256,12.509493461081092,27.75535212800474,_ProxyNode(540)
LII_3,-46.54,-10.01,192.01,-0.9059031862953489,416.46747712197777,0.3095952406173104,12.344679332979595,27.571762683081072,_ProxyNode(532)
LII_4,-48.93,-5.44,191.45,-0.9071981725151281,463.66506309884824,0.3075308308877607,12.26273215206804,27.66415089638982,_ProxyNode(531)
LII_5,-42.2,-15.74,194.61,-0.9084667777796575,584.8677616884364,0.3190254875502193,12.717454147652433,27.825005218380042,_ProxyNode(529)
LI_10,-67.58,8.06,184.89,-0.90485600194779,829.3040507249636,0.3285767552610224,12.893350457845912,29.193719377236604,_ProxyNode(523)
LI_1,-102.48,3.05,100.51,-0.7992422520866317,637.4836176770976,0.3348291239163036,12.304447980365197,29.029739859607474,_ProxyNode(521)
LII_1,-100.72,4.14,113.25,-0.8254661259665279,21.55941040618408,0.047018596101987394,0.9280719214845732,27.848503307793216,_ProxyNode(520)
LII_2,-100.93,-5.28,114.1,-0.8256697478936827,29.210660831515163,0.060089015139939785,1.4393757659142246,27.56987351976742,_ProxyNode(518)
LI_2,-93.69,-5.43,111.23,-0.8252717733923747,29.21219044917728,0.0600563077947092,1.4580944409981242,27.802100073857716,_ProxyNode(516)
LII_1,-98.08,-5.45,119.39,-0.8516185870798149,12.162149632973884,0.03053927084971252,0.22915980476906483,28.02348853616452,_ProxyNode(514)
LII_2,-97.39,-5.38,114.18,-0.851607495198856,30.697103294351425,0.06160758034438046,1.5615244898805827,27.804872655183075,_ProxyNode(512)
LII_3,-92.56,-12.48,115.88,-0.8516944554267762,49.90034619476244,0.09333156912565442,2.895703351497957,27.356205451056496,_ProxyNode(503)
LII_4,-94.3,-14.12,108.32,-0.8517237805773059,90.91748036340917,0.1554725660811667,5.491901176222072,27.42019943444057,_ProxyNode(502)
LI_3,-98.72,10.15,122.21,-0.8517103691159875,63.38566796689174,0.11434684338727417,3.821710698493952,27.514571123706602,_ProxyNode(500)
LII_1,-95.01,5.37,127.76,-0.870564483782793,14.72832536172307,0.03450818224261381,0.4298338012739933,27.912081993926247,_ProxyNode(498)
LII_2,-91.07,11.1,127.62,-0.8725118765013108,34.362436352948706,0.06692975717350354,1.8299855569797572,27.57518572641761,_ProxyNode(496)
LII_3,-89.97,12.17,124.4,-0.874428762390298,30.48043701786664,0.060453107858553116,1.5521505505297988,27.65184739647046,_ProxyNode(494)
LII_4,-86.85,13.05,118.47,-0.8764086357089206,56.78918659267294,0.10254824252628268,3.3746765907184795,27.382288185558124,_ProxyNode(485)
LII_5,-84.88,17.83,119.3,-0.8783717638331907,105.34175925864923,0.17066735888970205,6.334844874114911,27.262407185096208,_ProxyNode(484)
LII_6,-88.72,25.29,117.86,-0.8810154381442266,572.3212190264233,0.3184883415263991,12.33465383151163,28.80234038823478,_ProxyNode(482)
LI_4,-91.65,-9.58,126.3,-0.868723377045619,20.16148630147587,0.04347153488198419,0.7612080848669436,27.607069955569244,_ProxyNode(480)
LII_1,-101.32,2.62,136.38,-0.8887078092808776,2.0153079676853305,0.01432266886422807,-0.39367593806622736,27.841761821988683,_ProxyNode(478)
LII_2,-105.14,-5.26,133.65,-0.8893155254363501,4.437868043204032,0.017902122431542804,-0.2746160098944834,27.80959196176369,_ProxyNode(476)
LII_3,-106.8,2.75,128.79,-0.8899718692335663,6.103607107062429,0.020433499779839978,-0.17297619507854023,27.835467022657845,_ProxyNode(467)
LII_4,-109.01,-8.97,127.69,-0.8905768189711636,13.906052182005201,0.032745107129527586,0.32511505384941586,27.689654095934017,_ProxyNode(466)
LII_5,-117.96,4.09,122.73,-0.8912124880183125,30.418577644383156,0.05976070553830013,1.56230850357138,27.556838369642904,_ProxyNode(464)
LII_6,-117.24,-10.01,119.93,-0.8921391499900636,72.49189553605996,0.12513497824359185,4.380544685584066,27.17679494459299,_ProxyNode(462)
LI_5,-99.09,10.1,133.84,-0.8884223856897508,24.057194258330583,0.04960173408788473,1.1376754694437885,27.458660664682377,_ProxyNode(460)
LII_1,-97.49,-2.2,141.9,-0.9027729464933152,14.19187016633398,0.03311340309462179,0.42023047544962466,27.74822886837864,_ProxyNode(458)
LII_2,-97.21,-6.09,137.89,-0.9035029226926117,6.150813334146724,0.020433428041272697,-0.1462307254278663,27.723401827865302,_ProxyNode(449)
LII_3,-96.8,-3.62,132.82,-0.9042895474733836,3.5151753307918083,0.016463511133749713,-0.3144137743872477,27.773911788082607,_ProxyNode(448)
LII_4,-97.69,-11.07,129.83,-0.9049846560713442,15.96817741619037,0.03580899474533825,0.4852570719759406,27.657086926219428,_ProxyNode(446)
LII_5,-105.85,-9.88,124.69,-0.9058285246134246,29.37552703727377,0.057401546178636166,1.4344591450008757,27.46206733501931,_ProxyNode(444)
LII_6,-93.83,-14.19,121.47,-0.9065301241261352,61.50279217831693,0.1075319090195172,3.649777398178241,27.283925529141683,_ProxyNode(442)
LI_6,-93.45,-13.24,139.76,-0.9029437713794798,43.49232672784769,0.0802977924761063,2.4694142721841246,27.07287128503541,_ProxyNode(440)
LII_1,-94.19,6.36,152.88,-0.9168497584554645,8.827874692422602,0.024413435346728133,0.03695123023940994,27.790275332173508,_ProxyNode(438)
LII_2,-95.51,12.91,154.35,-0.9209866097318633,50.992143012253436,0.0905518569861885,3.001772112109986,27.369010646535806,_ProxyNode(428)
LII_3,-94.38,17.28,152.16,-0.9250511743081038,168.55573812413905,0.23196844636435032,9.2666313428847,27.13854749608076,_ProxyNode(427)
LII_4,-103.36,20.99,155.42,-0.9292246842420167,356.1221982726592,0.2905943652811051,11.756219129082709,27.817752146015597,_ProxyNode(425)
LII_5,-92.39,24.2,147.17,-0.9325338257421028,247.89810618384558,0.2824554001117008,11.524832331717192,27.128858765390913,_ProxyNode(423)
LII_6,-95.26,32.97,153.72,-0.93619304396265,782.7784070548786,0.31918089784448905,12.784827350094176,29.464262105466823,_ProxyNode(421)
LI_7,-95.64,16.36,150.26,-0.9145289015175977,87.017389448977,0.1426410709851607,5.31955897644513,27.02364889356363,_ProxyNode(419)
LII_1,-93.94,-3.79,161.9,-0.9229121392799087,14.58815882239359,0.0333443379618434,0.44404521613859416,27.71041432499348,_ProxyNode(417)
LII_2,-85.84,4.22,158.95,-0.9231558904745616,71.47566410668135,0.12071461199110144,4.349668718120267,27.059003237222072,_ProxyNode(407)
LII_3,-85.63,-6.58,154.95,-0.9233531588600632,8.789738516183904,0.024211798685987093,-0.018164819112953978,27.66903500845092,_ProxyNode(406)
LII_4,-78.98,2.99,151.29,-0.9235110616665979,34.23903059095235,0.06451461520453648,1.8321232198933224,27.393927746069448,_ProxyNode(404)
LII_5,-78.56,-13.49,151.92,-0.9235900923438118,15.260049779653714,0.034352503717870145,0.4528665887249801,27.49630435971553,_ProxyNode(402)
LI_8,-97.66,-14.26,159.41,-0.923864920386662,59.030967317860814,0.10276834637421879,3.544988296887418,26.904030545714555,_ProxyNode(400)
LII_1,-90.21,5.31,173.07,-0.931250064763393,32.63705917541958,0.06157447336334108,1.722914643558397,27.57765347207145,_ProxyNode(398)
LII_2,-93.82,10.94,177.18,-0.9325444427348815,33.18237845449417,0.06237801960185816,1.7668473724190505,27.575942029469005,_ProxyNode(396)
LII_3,-89.71,13.09,176.16,-0.9338166056266548,136.1974140290785,0.19879762650267874,7.872292230612004,27.178137614569188,_ProxyNode(386)
LII_4,-92.19,17.04,176.56,-0.9352277065714654,376.8467455896979,0.2919114645162066,11.88995865186341,27.59117296881433,_ProxyNode(385)
LII_5,-80.83,18.81,177.83,-0.9365889773997276,714.1091853057274,0.311608891452995,12.57609933812276,28.727888154023557,_ProxyNode(383)
LI_9,-94.18,13.61,166.44,-0.9324477995712444,277.5198388092465,0.2822751409583918,11.540888958737725,26.89443563300818,_ProxyNode(381)
LII_1,-89.21,-6.53,183.64,-0.9361536858083275,115.90884847114346,0.177518995667443,6.896944785258459,27.171682579381514,_ProxyNode(379)
LII_2,-94.9,-10.75,186.88,-0.9384079111758755,394.0979734416407,0.295986629944253,12.055132265194075,27.879721707937108,_ProxyNode(371)
LII_3,-92.7,-13.33,184.22,-0.9406355303212619,253.25404039105595,0.2848349922934373,11.705381499537992,27.047014909969306,_ProxyNode(370)
LII_4,-91.66,-18.44,185.69,-0.9425987163967469,410.26714370287226,0.29572930385604507,12.102867495916584,27.71438219768854,_ProxyNode(368)
LII_5,-94.45,-21.66,187.15,-0.944281900727582,466.4546835790182,0.3021020110448401,12.447409201506431,27.14503668647903,_ProxyNode(362)
LI_10,-95.07,-9.29,173.11,-0.9356018492304596,174.85130803923937,0.23621640408064085,9.572149011979963,26.665500038246726,_ProxyNode(360)
LI_1,-103.92,2.71,100.27,-0.7857113730619222,507.98304527755755,0.33465834326381905,12.264268421028262,28.568491252474978,_ProxyNode(359)
LII_1,-109.84,3.6,112.82,-0.7993696698764118,37.213420284436616,0.07476677003360643,2.0043879355070366,27.510100166785612,_ProxyNode(357)
LII_2,-107.03,-6.87,113.88,-0.7995238962871918,9.493065227785559,0.02669871358749422,0.0007648256168764078,27.718109427810298,_ProxyNode(355)
LI_2,-108.14,5.7,109.48,-0.79925236927329,205.94322587444128,0.2881823292207492,10.689404129051095,27.391863838752432,_ProxyNode(353)
LII_1,-111.28,-0.63,123.14,-0.8101700624060324,3.7117466460631636,0.017148861476874,-0.3259284563640641,27.893964539325445,_ProxyNode(351)
LII_2,-108.36,4.09,123.54,-0.8106186943391911,6.838553747395577,0.022193340035778886,-0.1483674693714221,27.853494263589646,_ProxyNode(342)
LII_3,-104.2,-8.06,126.94,-0.8110358963947812,4.03586132054335,0.017664747948483658,-0.3078988661690403,27.803998627922944,_ProxyNode(341)
LII_4,-102.63,8.84,130.91,-0.8114914636748927,11.145345024781097,0.029486878505601256,0.18014545403809024,27.655116259454548,_ProxyNode(339)
LI_3,-109.59,-7.42,120.44,-0.809799667044043,13.992270801234373,0.03425747591834221,0.32933254259114975,27.74363269916804,_ProxyNode(337)
LII_1,-104.97,-2.87,129.99,-0.8249703687206442,2.185158475889437,0.014733704836469531,-0.38757457834726594,27.83927253315776,_ProxyNode(335)
LII_2,-105.47,-1.93,131.93,-0.825482027933809,3.6920472370366126,0.01707802568114616,-0.30232578837818735,27.82943139724587,_ProxyNode(333)
LII_3,-101.86,-9.25,134.63,-0.8260510096547389,3.081074232836499,0.016110157992651284,-0.35453693022719435,27.7394755489939,_ProxyNode(324)
LII_4,-87.64,-5.77,137.97,-0.8264627759737599,7.312163066571052,0.02293653895937031,-0.05955605950115128,27.71365110609122,_ProxyNode(323)
LII_5,-94.43,-15.17,138.39,-0.8271786464714275,23.46305222548405,0.050308735133049565,1.0399365944922252,27.408659814427132,_ProxyNode(321)
LII_6,-92.7,-9.95,136.73,-0.827428873976427,15.4135980764452,0.036543923281882176,0.4828767005612349,27.5209944104895,_ProxyNode(319)
LI_4,-113.74,9.02,126.55,-0.8245560081985948,23.75226503248837,0.05084646482933728,1.0715532462618818,27.584529341586038,_ProxyNode(317)
LII_1,-106.24,-2.57,138.17,-0.8386093880685492,6.33702857813047,0.021206162576276607,-0.14904508551578743,27.85110124778159,_ProxyNode(315)
LII_2,-101.5,7.14,139.14,-0.8393434633586786,3.9061007648618364,0.017356768605173867,-0.28863504051772537,27.784232793649156,_ProxyNode(306)
LII_3,-100.55,-3.31,135.36,-0.8399754055168465,3.6767103120792446,0.016999693837986534,-0.29847320266025434,27.76389811536444,_ProxyNode(305)
LII_4,-100.7,6.6,136.69,-0.8407865495313367,10.724022367248757,0.028475339932728373,0.18853707443738799,27.62022254222905,_ProxyNode(303)
LII_5,-88.34,-5.12,132.1,-0.8413691564122214,8.382989787666105,0.024523874196017995,-0.003908518352741197,27.799960791916916,_ProxyNode(301)
LII_6,-85.05,15.66,135.31,-0.8433951810716248,227.26042773699663,0.29580975900381284,11.341282992433936,27.034905923600576,_ProxyNode(299)
LI_5,-105.0,-7.88,133.76,-0.8382543601892541,20.901886613958812,0.04558334753085791,0.8518497174310866,27.58956041879183,_ProxyNode(297)
LII_1,-113.47,6.07,143.48,-0.8487008265872992,11.65678912682576,0.0297902209610624,0.20399207160174626,27.86812626511741,_ProxyNode(295)
LII_2,-117.63,5.88,139.11,-0.8519887678265431,29.055986713759065,0.058965037901424246,1.4688572944275045,27.676504613476823,_ProxyNode(285)
LII_3,-116.48,10.91,135.35,-0.8552727719532758,49.420256813916346,0.092306103781559,2.8960821325852635,27.443232443850185,_ProxyNode(284)
LII_4,-120.39,10.42,131.81,-0.8585957226615859,138.38113959081383,0.21293992715409082,7.991725226380435,27.380083365809163,_ProxyNode(282)
LII_5,-115.78,16.52,128.75,-0.8618506443856773,466.01666994447737,0.3164178415130128,12.147480632325781,28.379117557840612,_ProxyNode(280)
LII_6,-127.76,8.69,123.03,-0.8640747749150957,305.8438461118582,0.3042669844171507,11.767362328633737,27.717127910021745,_ProxyNode(278)
LI_6,-113.64,11.46,139.97,-0.8476354638708923,149.09225105783176,0.2270540789400058,8.533846148209161,27.049141697442835,_ProxyNode(276)
LII_1,-110.45,-3.63,156.3,-0.8512231743560429,22.733859287901904,0.048380444463673,1.0227644846636998,27.746360294730742,_ProxyNode(274)
LII_2,-109.04,-5.94,159.13,-0.8518097806274116,16.15336997056208,0.037353865778999094,0.5610256132208455,27.660621998805084,_ProxyNode(264)
LII_3,-110.78,5.38,161.95,-0.8524043990388432,13.375196083066847,0.03268696960203769,0.35919008772989613,27.668257420299298,_ProxyNode(263)
LII_4,-111.52,-10.61,163.9,-0.853060666318624,60.37886765699722,0.11022002711171158,3.666101932044743,26.89479186397434,_ProxyNode(261)
LII_5,-111.93,6.43,166.23,-0.8536250039441182,36.165270282213086,0.07100145165409331,1.9991792947434135,27.197996370981535,_ProxyNode(259)
LI_7,-103.48,-12.41,148.9,-0.8511044828208036,10.318698265102617,0.027591837150125954,0.11453364789432285,27.62290554954984,_ProxyNode(257)
LII_1,-111.51,5.29,167.55,-0.8586090633501178,13.003332487847086,0.031878192162122676,0.2906345415417988,27.70858201188988,_ProxyNode(255)
LII_2,-115.47,5.09,169.09,-0.8598116858343495,23.86739527385987,0.050162005506035404,1.119977994702058,27.45785352564654,_ProxyNode(246)
LII_3,-113.89,11.05,173.51,-0.8610162545317861,50.312889926846005,0.09357206966229258,2.9706538182725915,27.20223766456295,_ProxyNode(245)
LII_4,-113.19,5.84,173.37,-0.8622077973092759,48.07957052959821,0.08986081004836502,2.8198522751371513,27.307348320708698,_ProxyNode(243)
LII_5,-115.46,15.03,177.06,-0.8637899542360712,278.68330959789495,0.3052751992585769,11.86609876981781,27.14978302835395,_ProxyNode(241)
LI_8,-124.07,6.54,157.55,-0.8584871165239678,53.411826724907726,0.09874338872591866,3.1753368825171258,27.088627187424905,_ProxyNode(239)
LII_1,-109.79,4.24,174.49,-0.8624628425973792,90.87772401715414,0.15385619565946435,5.506246822238804,27.401561480573168,_ProxyNode(237)
LII_2,-108.84,6.58,174.48,-0.8634871463233742,37.16518152821828,0.07195176075313757,2.0136528678946064,27.454276373707337,_ProxyNode(235)
LII_3,-103.72,7.72,175.69,-0.8644742440993803,21.97278298003695,0.04676416480750155,0.9550992378777927,27.554057898990877,_ProxyNode(225)
LII_4,-106.75,14.36,177.67,-0.8657767269699257,497.9145127287114,0.319183267539591,12.335929957148508,27.95610049537985,_ProxyNode(224)
LII_5,-103.7,10.89,178.07,-0.8662785327098379,72.14342619703518,0.1267126113844481,4.40786300050463,27.14358957105636,_ProxyNode(222)
LI_9,-106.85,-7.67,167.34,-0.8626494475825357,63.36220315825457,0.11407893340213965,3.844967911186494,26.955414516818188,_ProxyNode(220)
LII_1,-113.12,3.45,178.71,-0.8640224273320072,241.90002286688488,0.30049482083455237,11.661816310680564,27.322334002405423,_ProxyNode(218)
LII_2,-115.88,-5.18,174.28,-0.8639248348577516,81.64833271364597,0.14079353057189567,4.975055443113465,27.239272545682265,_ProxyNode(210)
LII_3,-113.56,1.2,167.35,-0.8637673736560685,27.47611318680611,0.05609477629575919,1.3874811660373858,27.40611611221972,_ProxyNode(209)
LII_4,-111.8,-6.57,163.46,-0.8636183164296992,16.112656337821257,0.037056291616045456,0.5495026730146613,27.53480963333395,_ProxyNode(207)
LII_5,-111.38,3.78,157.55,-0.8634514732024066,22.521509487014338,0.04781211581542214,1.0272189901139015,27.46601930646318,_ProxyNode(201)
LI_10,-121.06,10.7,178.28,-0.8665535400379321,455.3509969210248,0.3191580773976903,12.339355931099433,27.972663698490866,_ProxyNode(200)
